t,id,x,y
0,0,0.00026,2
0.01,0,0.0007748,2
0.02,0,0.0015393,2
0.03,0,0.00254852,2
0.04,0,0.00379755,2
0.05,0,0.0052816,2
0.06,0,0.00699596,2
0.07,0,0.00893605,2
0.08,0,0.0110973,2
0.09,0,0.0134754,2
0.1,0,0.0160659,2
0.11,0,0.0188646,2
0.12,0,0.0218673,2
0.13,0,0.0250699,2
0.14,0,0.0284685,2
0.15,0,0.0320591,2
0.16,0,0.035838,2
0.17,0,0.0398012,2
0.18,0,0.0439452,2
0.19,0,0.0482663,2
0.2,0,0.052761,2
0.21,0,0.0574257,2
0.22,0,0.0622572,2
0.23,0,0.0672521,2
0.24,0,0.072407,2
0.25,0,0.0777189,2
0.26,0,0.0831845,2
0.27,0,0.0888008,2
0.28,0,0.0945648,2
0.29,0,0.100474,2
0.3,0,0.106524,2
0.31,0,0.112714,2
0.32,0,0.119039,2
0.33,0,0.125499,2
0.34,0,0.132089,2
0.35,0,0.138807,2
0.36,0,0.145651,2
0.37,0,0.152618,2
0.38,0,0.159705,2
0.39,0,0.166911,2
0.4,0,0.174233,2
0.41,0,0.181668,2
0.42,0,0.189215,2
0.43,0,0.196871,2
0.44,0,0.204633,2
0.45,0,0.212501,2
0.46,0,0.220471,2
0.47,0,0.228541,2
0.48,0,0.23671,2
0.49,0,0.244976,2
0.5,0,0.253337,2
0.51,0,0.26179,2
0.52,0,0.270334,2
0.53,0,0.278967,2
0.54,0,0.287688,2
0.55,0,0.296494,2
0.56,0,0.305384,2
0.57,0,0.314357,2
0.58,0,0.32341,2
0.59,0,0.332541,2
0.6,0,0.341751,2
0.61,0,0.351036,2
0.62,0,0.360395,2
0.63,0,0.369827,2
0.64,0,0.37933,2
0.65,0,0.388904,2
0.66,0,0.398546,2
0.67,0,0.408255,2
0.68,0,0.41803,2
0.69,0,0.427869,2
0.7,0,0.437772,2
0.71,0,0.447736,2
0.72,0,0.457762,2
0.73,0,0.467846,2
0.74,0,0.477989,2
0.75,0,0.48819,2
0.76,0,0.498446,2
0.77,0,0.508757,2
0.78,0,0.519122,2
0.79,0,0.529539,2
0.8,0,0.540009,2
0.81,0,0.550528,2
0.82,0,0.561098,2
0.83,0,0.571716,2
0.84,0,0.582382,2
0.85,0,0.593094,2
0.86,0,0.603852,2
0.87,0,0.614655,2
0.88,0,0.625502,2
0.89,0,0.636392,2
0.9,0,0.647324,2
0.91,0,0.658298,2
0.92,0,0.669312,2
0.93,0,0.680365,2
0.94,0,0.691458,2
0.95,0,0.702589,2
0.96,0,0.713757,2
0.97,0,0.724962,2
0.98,0,0.736203,2
0.99,0,0.747479,2
1,0,0.758789,2
1.01,0,0.770133,2
1.02,0,0.781511,2
1.03,0,0.79292,2
1.04,0,0.804362,2
1.05,0,0.815835,2
1.06,0,0.827338,2
1.07,0,0.838871,2
1.08,0,0.850434,2
1.09,0,0.862025,2
1.1,0,0.873645,2
1.11,0,0.885292,2
1.12,0,0.896966,2
1.13,0,0.908667,2
1.14,0,0.920393,2
1.15,0,0.932145,2
1.16,0,0.943923,2
1.17,0,0.955724,2
1.18,0,0.96755,2
1.19,0,0.979399,2
1.2,0,0.991271,2
1.21,0,1.00317,2
1.22,0,1.01508,2
1.23,0,1.02702,2
1.24,0,1.03898,2
1.25,0,1.05096,2
1.26,0,1.06296,2
1.27,0,1.07498,2
1.28,0,1.08702,2
1.29,0,1.09908,2
1.3,0,1.11116,2
1.31,0,1.12326,2
1.32,0,1.13537,2
1.33,0,1.1475,2
1.34,0,1.15965,2
1.35,0,1.17182,2
1.36,0,1.184,2
1.37,0,1.1962,2
1.38,0,1.20842,2
1.39,0,1.22065,2
1.4,0,1.2329,2
1.41,0,1.24516,2
1.42,0,1.25744,2
1.43,0,1.26973,2
1.44,0,1.28203,2
1.45,0,1.29435,2
1.46,0,1.30669,2
1.47,0,1.31903,2
1.48,0,1.33139,2
1.49,0,1.34376,2
1.5,0,1.35615,2
1.51,0,1.36855,2
1.52,0,1.38096,2
1.53,0,1.39338,2
1.54,0,1.40581,2
1.55,0,1.41825,2
1.56,0,1.43071,2
1.57,0,1.44317,2
1.58,0,1.45565,2
1.59,0,1.46814,2
1.6,0,1.48063,2
1.61,0,1.49314,2
1.62,0,1.50566,2
1.63,0,1.51819,2
1.64,0,1.53072,2
1.65,0,1.54327,2
1.66,0,1.55582,2
1.67,0,1.56839,2
1.68,0,1.58096,2
1.69,0,1.59354,2
1.7,0,1.60613,2
1.71,0,1.61873,2
1.72,0,1.63133,2
1.73,0,1.64394,2
1.74,0,1.65657,2
1.75,0,1.66919,2
1.76,0,1.68183,2
1.77,0,1.69447,2
1.78,0,1.70712,2
1.79,0,1.71978,2
1.8,0,1.73245,2
1.81,0,1.74512,2
1.82,0,1.75779,2
1.83,0,1.77048,2
1.84,0,1.78317,2
1.85,0,1.79587,2
1.86,0,1.80857,2
1.87,0,1.82128,2
1.88,0,1.83399,2
1.89,0,1.84671,2
1.9,0,1.85944,2
1.91,0,1.87217,2
1.92,0,1.88491,2
1.93,0,1.89765,2
1.94,0,1.91039,2
1.95,0,1.92315,2
1.96,0,1.9359,2
1.97,0,1.94867,2
1.98,0,1.96143,2
1.99,0,1.9742,2
2,0,1.98698,2
2.01,0,1.99976,2
2.02,0,2.01254,2
2.03,0,2.02533,2
2.04,0,2.03813,2
2.05,0,2.05092,2
2.06,0,2.06373,2
2.07,0,2.07653,2
2.08,0,2.08934,2
2.09,0,2.10215,2
2.1,0,2.11497,2
2.11,0,2.12779,2
2.12,0,2.14062,2
2.13,0,2.15344,2
2.14,0,2.16627,2
2.15,0,2.17911,2
2.16,0,2.19195,2
2.17,0,2.20479,2
2.18,0,2.21763,2
2.19,0,2.23048,2
2.2,0,2.24333,2
2.21,0,2.25618,2
2.22,0,2.26904,2
2.23,0,2.2819,2
2.24,0,2.29476,2
2.25,0,2.30763,2
2.26,0,2.32049,2
2.27,0,2.33336,2
2.28,0,2.34624,2
2.29,0,2.35911,2
2.3,0,2.37199,2
2.31,0,2.38487,2
2.32,0,2.39775,2
2.33,0,2.41064,2
2.34,0,2.42352,2
2.35,0,2.43641,2
2.36,0,2.44931,2
2.37,0,2.4622,2
2.38,0,2.4751,2
2.39,0,2.48799,2
2.4,0,2.50089,2
2.41,0,2.5138,2
2.42,0,2.5267,2
2.43,0,2.53961,2
2.44,0,2.55251,2
2.45,0,2.56542,2
2.46,0,2.57833,2
2.47,0,2.59125,2
2.48,0,2.60416,2
2.49,0,2.61708,2
2.5,0,2.63,2
2.51,0,2.64292,2
2.52,0,2.65584,2
2.53,0,2.66876,2
2.54,0,2.68169,2
2.55,0,2.69461,2
2.56,0,2.70754,2
2.57,0,2.72047,2
2.58,0,2.7334,2
2.59,0,2.74633,2
2.6,0,2.75927,2
2.61,0,2.7722,2
2.62,0,2.78514,2
2.63,0,2.79807,2
2.64,0,2.81101,2
2.65,0,2.82395,2
2.66,0,2.83689,2
2.67,0,2.84984,2
2.68,0,2.86278,2
2.69,0,2.87572,2
2.7,0,2.88867,2
2.71,0,2.90162,2
2.72,0,2.91456,2
2.73,0,2.92751,2
2.74,0,2.94046,2
2.75,0,2.95341,2
2.76,0,2.96636,2
2.77,0,2.97932,2
2.78,0,2.99227,2
2.79,0,3.00523,2
2.8,0,3.01818,2
2.81,0,3.03114,2
2.82,0,3.04409,2
2.83,0,3.05705,2
2.84,0,3.07001,2
2.85,0,3.08297,2
2.86,0,3.09593,2
2.87,0,3.10889,2
2.88,0,3.12186,2
2.89,0,3.13482,2
2.9,0,3.14778,2
2.91,0,3.16075,2
2.92,0,3.17371,2
2.93,0,3.18668,2
2.94,0,3.19964,2
2.95,0,3.21261,2
2.96,0,3.22558,2
2.97,0,3.23855,2
2.98,0,3.25152,2
2.99,0,3.26449,2
3,0,3.27746,2
3.01,0,3.29043,2
3.02,0,3.3034,2
3.03,0,3.31637,2
3.04,0,3.32934,2
3.05,0,3.34232,2
3.06,0,3.35529,2
3.07,0,3.36826,2
3.08,0,3.38124,2
3.09,0,3.39421,2
3.1,0,3.40719,2
3.11,0,3.42017,2
3.12,0,3.43314,2
3.13,0,3.44612,2
3.14,0,3.4591,2
3.15,0,3.47208,2
3.16,0,3.48505,2
3.17,0,3.49803,2
3.18,0,3.51101,2
3.19,0,3.52399,2
3.2,0,3.53697,2
3.21,0,3.54995,2
3.22,0,3.56293,2
3.23,0,3.57591,2
3.24,0,3.5889,2
3.25,0,3.60188,2
3.26,0,3.61486,2
3.27,0,3.62784,2
3.28,0,3.64083,2
3.29,0,3.65381,2
3.3,0,3.66679,2
3.31,0,3.67978,2
3.32,0,3.69276,2
3.33,0,3.70575,2
3.34,0,3.71873,2
3.35,0,3.73172,2
3.36,0,3.7447,2
3.37,0,3.75769,2
3.38,0,3.77068,2
3.39,0,3.78366,2
3.4,0,3.79665,2
3.41,0,3.80964,2
3.42,0,3.82262,2
3.43,0,3.83561,2
3.44,0,3.8486,2
3.45,0,3.86159,2
3.46,0,3.87457,2
3.47,0,3.88756,2
3.48,0,3.90055,2
3.49,0,3.91354,2
3.5,0,3.92653,2
3.51,0,3.93952,2
3.52,0,3.95251,2
3.53,0,3.9655,2
3.54,0,3.97849,2
3.55,0,3.99148,2
3.56,0,4.00447,2
3.57,0,4.01746,2
3.58,0,4.03045,2
3.59,0,4.04344,2
3.6,0,4.05643,2
3.61,0,4.06942,2
3.62,0,4.08242,2
3.63,0,4.09541,2
3.64,0,4.1084,2
3.65,0,4.12139,2
3.66,0,4.13438,2
3.67,0,4.14738,2
3.68,0,4.16037,2
3.69,0,4.17336,2
3.7,0,4.18635,2
3.71,0,4.19935,2
3.72,0,4.21234,2
3.73,0,4.22533,2
3.74,0,4.23833,2
3.75,0,4.25132,2
3.76,0,4.26431,2
3.77,0,4.27731,2
3.78,0,4.2903,2
3.79,0,4.3033,2
3.8,0,4.31629,2
3.81,0,4.32928,2
3.82,0,4.34228,2
3.83,0,4.35527,2
3.84,0,4.36827,2
3.85,0,4.38126,2
3.86,0,4.39426,2
3.87,0,4.40725,2
3.88,0,4.42025,2
3.89,0,4.43324,2
3.9,0,4.44624,2
3.91,0,4.45923,2
3.92,0,4.47223,2
3.93,0,4.48522,2
3.94,0,4.49822,2
3.95,0,4.51121,2
3.96,0,4.52421,2
3.97,0,4.53721,2
3.98,0,4.5502,2
3.99,0,4.5632,2
4,0,4.57619,2
4.01,0,4.58919,2
4.02,0,4.60219,2
4.03,0,4.61518,2
4.04,0,4.62818,2
4.05,0,4.64117,2
4.06,0,4.65417,2
4.07,0,4.66717,2
4.08,0,4.68016,2
4.09,0,4.69316,2
4.1,0,4.70615,2
4.11,0,4.71915,2
4.12,0,4.73214,2
4.13,0,4.74514,2
4.14,0,4.75813,2
4.15,0,4.77113,2
4.16,0,4.78412,2
4.17,0,4.79711,2
4.18,0,4.81009,2
4.19,0,4.82308,2
4.2,0,4.83605,1.99999
4.21,0,4.84903,1.99999
4.22,0,4.86199,1.99999
4.23,0,4.87494,1.99998
4.24,0,4.88788,1.99998
4.25,0,4.9008,1.99997
4.26,0,4.91368,1.99996
4.27,0,4.92653,1.99994
4.28,0,4.93934,1.99992
4.29,0,4.95206,1.9999
4.3,0,4.96471,1.99986
4.31,0,4.97723,1.9998
4.32,0,4.98961,1.99973
4.33,0,5.00178,1.99963
4.34,0,5.01368,1.9995
4.35,0,5.0252,1.99931
4.36,0,5.03627,1.99906
4.37,0,5.04678,1.99873
4.38,0,5.05651,1.99828
4.39,0,5.06538,1.9977
4.4,0,5.07321,1.99694
4.41,0,5.07986,1.99599
4.42,0,5.08516,1.9948
4.43,0,5.08904,1.99335
4.44,0,5.09152,1.99164
4.45,0,5.09256,1.98964
4.46,0,5.09238,1.9874
4.47,0,5.091,1.9849
4.48,0,5.0886,1.98218
4.49,0,5.08535,1.97926
4.5,0,5.08145,1.97619
4.51,0,5.07707,1.97299
4.52,0,5.07235,1.9697
4.53,0,5.06749,1.96635
4.54,0,5.06252,1.96297
4.55,0,5.05759,1.95957
4.56,0,5.05271,1.95616
4.57,0,5.04794,1.95276
4.58,0,5.04332,1.94937
4.59,0,5.03888,1.94601
4.6,0,5.03466,1.94269
4.61,0,5.03069,1.9394
4.62,0,5.02696,1.93616
4.63,0,5.02348,1.93296
4.64,0,5.02027,1.92981
4.65,0,5.01732,1.92671
4.66,0,5.01464,1.92366
4.67,0,5.01223,1.92067
4.68,0,5.01009,1.91772
4.69,0,5.00822,1.91483
4.7,0,5.00662,1.91199
4.71,0,5.00528,1.90921
4.72,0,5.00421,1.90647
4.73,0,5.0034,1.90379
4.74,0,5.00285,1.90116
4.75,0,5.00254,1.89859
4.76,0,5.00249,1.89606
4.77,0,5.00268,1.89359
4.78,0,5.00312,1.89116
4.79,0,5.00379,1.88879
4.8,0,5.0047,1.88646
4.81,0,5.00584,1.88419
4.82,0,5.0072,1.88195
4.83,0,5.00878,1.87977
4.84,0,5.01058,1.87763
4.85,0,5.0126,1.87554
4.86,0,5.01482,1.87349
4.87,0,5.01725,1.87148
4.88,0,5.01988,1.86952
4.89,0,5.02271,1.8676
4.9,0,5.02573,1.86572
4.91,0,5.02893,1.86388
4.92,0,5.03233,1.86208
4.93,0,5.0359,1.86032
4.94,0,5.03966,1.85859
4.95,0,5.04358,1.85691
4.96,0,5.04768,1.85526
4.97,0,5.05194,1.85364
4.98,0,5.05636,1.85206
4.99,0,5.06094,1.85051
5,0,5.06568,1.849
5.01,0,5.07057,1.84752
5.02,0,5.0756,1.84606
5.03,0,5.08078,1.84464
5.04,0,5.0861,1.84324
5.05,0,5.09155,1.84187
5.06,0,5.09713,1.84053
5.07,0,5.10284,1.83921
5.08,0,5.10868,1.83792
5.09,0,5.11463,1.83664
5.1,0,5.1207,1.83539
5.11,0,5.12687,1.83415
5.12,0,5.13316,1.83294
5.13,0,5.13954,1.83173
5.14,0,5.14602,1.83054
5.15,0,5.15259,1.82935
5.16,0,5.15925,1.82817
5.17,0,5.16598,1.827
5.18,0,5.17279,1.82583
5.19,0,5.17967,1.82465
5.2,0,5.1866,1.82346
5.21,0,5.1936,1.82227
5.22,0,5.20064,1.82106
5.23,0,5.20772,1.81983
5.24,0,5.21483,1.81857
5.25,0,5.22196,1.81728
5.26,0,5.22911,1.81594
5.27,0,5.23627,1.81456
5.28,0,5.24341,1.81312
5.29,0,5.25054,1.81161
5.3,0,5.25765,1.81003
5.31,0,5.26473,1.80836
5.32,0,5.27176,1.8066
5.33,0,5.27874,1.80474
5.34,0,5.28566,1.80275
5.35,0,5.29251,1.80064
5.36,0,5.29929,1.79839
5.37,0,5.30598,1.79599
5.38,0,5.31259,1.79344
5.39,0,5.3191,1.79072
5.4,0,5.32553,1.78783
5.41,0,5.33186,1.78476
5.42,0,5.33811,1.78152
5.43,0,5.34428,1.77809
5.44,0,5.35037,1.77449
5.45,0,5.35639,1.77071
5.46,0,5.36235,1.76676
5.47,0,5.36827,1.76264
5.48,0,5.37414,1.75836
5.49,0,5.37999,1.75394
5.5,0,5.38582,1.74939
5.51,0,5.39165,1.7447
5.52,0,5.39748,1.7399
5.53,0,5.40333,1.73501
5.54,0,5.40921,1.73002
5.55,0,5.41512,1.72496
5.56,0,5.42108,1.71983
5.57,0,5.42709,1.71466
5.58,0,5.43317,1.70946
5.59,0,5.43931,1.70423
5.6,0,5.44553,1.69898
5.61,0,5.45183,1.69373
5.62,0,5.45821,1.68847
5.63,0,5.46468,1.68324
5.64,0,5.47124,1.67803
5.65,0,5.4779,1.67285
5.66,0,5.48465,1.66771
5.67,0,5.49151,1.66261
5.68,0,5.49846,1.65757
5.69,0,5.50552,1.65258
5.7,0,5.51267,1.64766
5.71,0,5.51993,1.6428
5.72,0,5.5273,1.63801
5.73,0,5.53476,1.6333
5.74,0,5.54233,1.62866
5.75,0,5.54999,1.62409
5.76,0,5.55776,1.61961
5.77,0,5.56563,1.61521
5.78,0,5.57359,1.61088
5.79,0,5.58165,1.60665
5.8,0,5.5898,1.6025
5.81,0,5.59805,1.59843
5.82,0,5.60639,1.59445
5.83,0,5.61482,1.59056
5.84,0,5.62334,1.58675
5.85,0,5.63195,1.58303
5.86,0,5.64064,1.57939
5.87,0,5.64942,1.57584
5.88,0,5.65828,1.57237
5.89,0,5.66723,1.56899
5.9,0,5.67625,1.56569
5.91,0,5.68535,1.56248
5.92,0,5.69453,1.55935
5.93,0,5.70379,1.5563
5.94,0,5.71312,1.55334
5.95,0,5.72252,1.55045
5.96,0,5.73199,1.54765
5.97,0,5.74153,1.54492
5.98,0,5.75114,1.54227
5.99,0,5.76082,1.5397
6,0,5.77056,1.53721
6.01,0,5.78037,1.53479
6.02,0,5.79024,1.53244
6.03,0,5.80017,1.53017
6.04,0,5.81016,1.52797
6.05,0,5.82021,1.52584
6.06,0,5.83032,1.52379
6.07,0,5.84049,1.5218
6.08,0,5.85071,1.51988
6.09,0,5.86098,1.51803
6.1,0,5.87131,1.51624
6.11,0,5.88169,1.51452
6.12,0,5.89212,1.51286
6.13,0,5.9026,1.51126
6.14,0,5.91313,1.50973
6.15,0,5.92371,1.50826
6.16,0,5.93433,1.50685
6.17,0,5.945,1.5055
6.18,0,5.95571,1.5042
6.19,0,5.96647,1.50297
6.2,0,5.97727,1.50179
6.21,0,5.98811,1.50066
6.22,0,5.999,1.49959
6.23,0,6.00992,1.49857
6.24,0,6.02089,1.49761
6.25,0,6.03189,1.4967
6.26,0,6.04293,1.49583
6.27,0,6.05401,1.49502
6.28,0,6.06513,1.49426
6.29,0,6.07628,1.49354
6.3,0,6.08746,1.49288
6.31,0,6.09868,1.49226
6.32,0,6.10993,1.49168
6.33,0,6.12122,1.49115
6.34,0,6.13254,1.49067
6.35,0,6.14389,1.49023
6.36,0,6.15527,1.48983
6.37,0,6.16668,1.48947
6.38,0,6.17811,1.48916
6.39,0,6.18958,1.48888
6.4,0,6.20108,1.48865
6.41,0,6.2126,1.48846
6.42,0,6.22416,1.4883
6.43,0,6.23573,1.48818
6.44,0,6.24734,1.4881
6.45,0,6.25897,1.48806
6.46,0,6.27062,1.48805
6.47,0,6.2823,1.48808
6.48,0,6.29401,1.48814
6.49,0,6.30573,1.48824
6.5,0,6.31748,1.48837
6.51,0,6.32926,1.48853
6.52,0,6.34105,1.48873
6.53,0,6.35287,1.48896
6.54,0,6.3647,1.48922
6.55,0,6.37656,1.48951
6.56,0,6.38844,1.48983
6.57,0,6.40034,1.49018
6.58,0,6.41226,1.49056
6.59,0,6.42419,1.49097
6.6,0,6.43615,1.49141
6.61,0,6.44812,1.49188
6.62,0,6.46011,1.49237
6.63,0,6.47212,1.49289
6.64,0,6.48415,1.49344
6.65,0,6.49619,1.49401
6.66,0,6.50825,1.49461
6.67,0,6.52033,1.49524
6.68,0,6.53242,1.49589
6.69,0,6.54453,1.49656
6.7,0,6.55665,1.49726
6.71,0,6.56878,1.49798
6.72,0,6.58094,1.49872
6.73,0,6.5931,1.49949
6.74,0,6.60528,1.50028
6.75,0,6.61747,1.50109
6.76,0,6.62968,1.50193
6.77,0,6.6419,1.50278
6.78,0,6.65413,1.50366
6.79,0,6.66638,1.50455
6.8,0,6.67864,1.50547
6.81,0,6.69091,1.50641
6.82,0,6.70319,1.50736
6.83,0,6.71548,1.50834
6.84,0,6.72778,1.50933
6.85,0,6.7401,1.51035
6.86,0,6.75242,1.51138
6.87,0,6.76476,1.51243
6.88,0,6.77711,1.5135
6.89,0,6.78946,1.51458
6.9,0,6.80183,1.51568
6.91,0,6.81421,1.5168
6.92,0,6.82659,1.51794
6.93,0,6.83899,1.51909
6.94,0,6.85139,1.52026
6.95,0,6.86381,1.52144
6.96,0,6.87623,1.52264
6.97,0,6.88866,1.52385
6.98,0,6.9011,1.52508
6.99,0,6.91355,1.52633
7,0,6.926,1.52759
7.01,0,6.93846,1.52886
7.02,0,6.95094,1.53015
7.03,0,6.96341,1.53145
7.04,0,6.9759,1.53277
7.05,0,6.98839,1.53409
7.06,0,7.00089,1.53543
7.07,0,7.0134,1.53679
7.08,0,7.02591,1.53816
7.09,0,7.03844,1.53954
7.1,0,7.05096,1.54093
7.11,0,7.0635,1.54233
7.12,0,7.07604,1.54375
7.13,0,7.08858,1.54518
7.14,0,7.10113,1.54662
7.15,0,7.11369,1.54807
7.16,0,7.12625,1.54953
7.17,0,7.13882,1.551
7.18,0,7.1514,1.55249
7.19,0,7.16398,1.55398
7.2,0,7.17656,1.55549
7.21,0,7.18915,1.557
7.22,0,7.20175,1.55853
7.23,0,7.21435,1.56006
7.24,0,7.22695,1.56161
7.25,0,7.23956,1.56316
7.26,0,7.25218,1.56473
7.27,0,7.2648,1.5663
7.28,0,7.27742,1.56789
7.29,0,7.29005,1.56948
7.3,0,7.30268,1.57108
7.31,0,7.31531,1.57269
7.32,0,7.32795,1.57431
7.33,0,7.3406,1.57594
7.34,0,7.35325,1.57757
7.35,0,7.3659,1.57922
7.36,0,7.37855,1.58087
7.37,0,7.39121,1.58253
7.38,0,7.40387,1.5842
7.39,0,7.41654,1.58587
7.4,0,7.42921,1.58756
7.41,0,7.44188,1.58925
7.42,0,7.45456,1.59095
7.43,0,7.46724,1.59265
7.44,0,7.47992,1.59436
7.45,0,7.4926,1.59608
7.46,0,7.50529,1.59781
7.47,0,7.51798,1.59955
7.48,0,7.53068,1.60129
7.49,0,7.54337,1.60303
7.5,0,7.55607,1.60479
7.51,0,7.56878,1.60655
7.52,0,7.58148,1.60831
7.53,0,7.59419,1.61009
7.54,0,7.6069,1.61186
7.55,0,7.61961,1.61365
7.56,0,7.63233,1.61544
7.57,0,7.64504,1.61724
7.58,0,7.65776,1.61904
7.59,0,7.67048,1.62085
7.6,0,7.68321,1.62266
7.61,0,7.69593,1.62448
7.62,0,7.70866,1.6263
7.63,0,7.72139,1.62813
7.64,0,7.73412,1.62997
7.65,0,7.74686,1.63181
7.66,0,7.75959,1.63366
7.67,0,7.77233,1.63551
7.68,0,7.78507,1.63736
7.69,0,7.79781,1.63922
7.7,0,7.81056,1.64109
7.71,0,7.8233,1.64296
7.72,0,7.83605,1.64483
7.73,0,7.8488,1.64671
7.74,0,7.86155,1.6486
7.75,0,7.8743,1.65049
7.76,0,7.88705,1.65238
7.77,0,7.8998,1.65428
7.78,0,7.91256,1.65618
7.79,0,7.92532,1.65808
7.8,0,7.93808,1.65999
7.81,0,7.95084,1.66191
7.82,0,7.9636,1.66382
7.83,0,7.97636,1.66575
7.84,0,7.98912,1.66767
7.85,0,8.00189,1.6696
7.86,0,8.01466,1.67154
7.87,0,8.02742,1.67347
7.88,0,8.04019,1.67541
7.89,0,8.05296,1.67736
7.9,0,8.06573,1.67931
7.91,0,8.07851,1.68126
7.92,0,8.09128,1.68322
7.93,0,8.10405,1.68517
7.94,0,8.11683,1.68714
7.95,0,8.1296,1.6891
7.96,0,8.14238,1.69107
7.97,0,8.15516,1.69304
7.98,0,8.16794,1.69502
7.99,0,8.18072,1.697
8,0,8.1935,1.69898
8.01,0,8.20628,1.70096
8.02,0,8.21906,1.70295
8.03,0,8.23185,1.70494
8.04,0,8.24463,1.70694
8.05,0,8.25742,1.70893
8.06,0,8.2702,1.71093
8.07,0,8.28299,1.71294
8.08,0,8.29577,1.71494
8.09,0,8.30856,1.71695
8.1,0,8.32135,1.71896
8.11,0,8.33414,1.72098
8.12,0,8.34693,1.72299
8.13,0,8.35972,1.72501
8.14,0,8.37251,1.72703
8.15,0,8.3853,1.72906
8.16,0,8.39809,1.73108
8.17,0,8.41089,1.73311
8.18,0,8.42368,1.73514
8.19,0,8.43647,1.73718
8.2,0,8.44927,1.73922
8.21,0,8.46206,1.74125
8.22,0,8.47486,1.7433
8.23,0,8.48765,1.74534
8.24,0,8.50045,1.74739
8.25,0,8.51325,1.74943
8.26,0,8.52604,1.75148
8.27,0,8.53884,1.75354
8.28,0,8.55164,1.75559
8.29,0,8.56444,1.75765
8.3,0,8.57724,1.75971
8.31,0,8.59004,1.76177
8.32,0,8.60284,1.76383
8.33,0,8.61564,1.7659
8.34,0,8.62844,1.76797
8.35,0,8.64124,1.77004
8.36,0,8.65404,1.77211
8.37,0,8.66684,1.77418
8.38,0,8.67964,1.77626
8.39,0,8.69244,1.77833
8.4,0,8.70524,1.78041
8.41,0,8.71805,1.78249
8.42,0,8.73085,1.78458
8.43,0,8.74365,1.78666
8.44,0,8.75646,1.78875
8.45,0,8.76926,1.79084
8.46,0,8.78206,1.79293
8.47,0,8.79487,1.79502
8.48,0,8.80767,1.79711
8.49,0,8.82048,1.79921
8.5,0,8.83328,1.80131
8.51,0,8.84609,1.80341
8.52,0,8.85889,1.80551
8.53,0,8.8717,1.80761
8.54,0,8.8845,1.80971
8.55,0,8.89731,1.81182
8.56,0,8.91012,1.81393
8.57,0,8.92292,1.81603
8.58,0,8.93573,1.81815
8.59,0,8.94854,1.82026
8.6,0,8.96134,1.82237
8.61,0,8.97415,1.82449
8.62,0,8.98696,1.8266
8.63,0,8.99976,1.82872
8.64,0,9.01257,1.83084
8.65,0,9.02538,1.83296
8.66,0,9.03818,1.83509
8.67,0,9.05099,1.83721
8.68,0,9.0638,1.83934
8.69,0,9.07661,1.84146
8.7,0,9.08942,1.84359
8.71,0,9.10222,1.84572
8.72,0,9.11503,1.84785
8.73,0,9.12784,1.84999
8.74,0,9.14065,1.85212
8.75,0,9.15346,1.85426
8.76,0,9.16626,1.85639
8.77,0,9.17907,1.85853
8.78,0,9.19188,1.86067
8.79,0,9.20469,1.86281
8.8,0,9.2175,1.86496
8.81,0,9.23031,1.8671
8.82,0,9.24312,1.86925
8.83,0,9.25592,1.87139
8.84,0,9.26873,1.87354
8.85,0,9.28154,1.87569
8.86,0,9.29435,1.87784
8.87,0,9.30716,1.87999
8.88,0,9.31997,1.88215
8.89,0,9.33278,1.8843
8.9,0,9.34559,1.88646
8.91,0,9.35839,1.88861
8.92,0,9.3712,1.89077
8.93,0,9.38401,1.89293
8.94,0,9.39682,1.89509
8.95,0,9.40963,1.89726
8.96,0,9.42244,1.89942
8.97,0,9.43525,1.90159
8.98,0,9.44806,1.90375
8.99,0,9.46086,1.90592
9,0,9.47367,1.90809
9.01,0,9.48648,1.91026
9.02,0,9.49929,1.91243
9.03,0,9.5121,1.91461
9.04,0,9.52491,1.91678
9.05,0,9.53771,1.91896
9.06,0,9.55052,1.92114
9.07,0,9.56333,1.92331
9.08,0,9.57614,1.92549
9.09,0,9.58895,1.92768
9.1,0,9.60175,1.92986
9.11,0,9.61456,1.93204
9.12,0,9.62737,1.93423
9.13,0,9.64018,1.93642
9.14,0,9.65299,1.93861
9.15,0,9.66579,1.9408
9.16,0,9.6786,1.94299
9.17,0,9.69141,1.94518
9.18,0,9.70421,1.94738
9.19,0,9.71702,1.94957
9.2,0,9.72983,1.95177
9.21,0,9.74263,1.95397
9.22,0,9.75544,1.95618
9.23,0,9.76825,1.95838
9.24,0,9.78105,1.96058
9.25,0,9.79386,1.96279
9.26,0,9.80666,1.965
9.27,0,9.81947,1.96721
9.28,0,9.83227,1.96943
9.29,0,9.84508,1.97164
9.3,0,9.85788,1.97386
9.31,0,9.87068,1.97608
9.32,0,9.88349,1.97831
9.33,0,9.89629,1.98054
9.34,0,9.90909,1.98277
9.35,0,9.92189,1.985
9.36,0,9.9347,1.98724
9.37,0,9.9475,1.98949
9.38,0,9.96029,1.99174
9.39,0,9.97309,1.99399
9.4,0,9.98589,1.99626
9.41,0,9.99868,1.99855
9.42,0,10.0114,2.00099
9.43,0,10.0236,2.00336
9.44,0,10.0353,2.00564
9.45,0,10.0465,2.00783
9.46,0,10.0572,2.00994
9.47,0,10.0675,2.01196
9.48,0,10.0773,2.0139
9.49,0,10.0866,2.01575
9.5,0,10.0955,2.01752
9.51,0,10.104,2.0192
9.52,0,10.112,2.02081
9.53,0,10.1196,2.02233
9.54,0,10.1268,2.02378
9.55,0,10.1337,2.02515
9.56,0,10.1401,2.02644
9.57,0,10.1461,2.02766
9.58,0,10.1518,2.02881
9.59,0,10.1571,2.02988
9.6,0,10.162,2.03089
9.61,0,10.1666,2.03183
9.62,0,10.1708,2.03269
9.63,0,10.1747,2.0335
9.64,0,10.1783,2.03424
9.65,0,10.1815,2.03491
9.66,0,10.1844,2.03552
9.67,0,10.187,2.03607
9.68,0,10.1893,2.03656
9.69,0,10.1913,2.03699
9.7,0,10.193,2.03737
9.71,0,10.1944,2.03768
9.72,0,10.1955,2.03794
9.73,0,10.1964,2.03815
9.74,0,10.1969,2.0383
9.75,0,10.1973,2.0384
9.76,0,10.1973,2.03845
9.77,0,10.1971,2.03844
9.78,0,10.1966,2.03839
9.79,0,10.1959,2.03829
9.8,0,10.195,2.03814
9.81,0,10.1938,2.03794
9.82,0,10.1924,2.0377
9.83,0,10.1907,2.03741
9.84,0,10.1889,2.03708
9.85,0,10.1868,2.0367
9.86,0,10.1845,2.03629
9.87,0,10.182,2.03583
9.88,0,10.1793,2.03533
9.89,0,10.1764,2.03478
9.9,0,10.1732,2.0342
9.91,0,10.1699,2.03358
9.92,0,10.1665,2.03293
9.93,0,10.1628,2.03223
9.94,0,10.1589,2.0315
9.95,0,10.1549,2.03073
9.96,0,10.1507,2.02993
9.97,0,10.1463,2.02909
9.98,0,10.1417,2.02822
9.99,0,10.137,2.02732
10,0,10.1322,2.02638
10.01,0,10.1271,2.02541
10.02,0,10.1219,2.02441
10.03,0,10.1166,2.02338
10.04,0,10.1111,2.02232
10.05,0,10.1055,2.02123
10.06,0,10.0997,2.0201
10.07,0,10.0938,2.01895
10.08,0,10.0878,2.01777
10.09,0,10.0816,2.01657
10.1,0,10.0753,2.01533
10.11,0,10.0688,2.01407
10.12,0,10.0623,2.01278
10.13,0,10.0556,2.01147
10.14,0,10.0488,2.01012
10.15,0,10.0418,2.00876
10.16,0,10.0348,2.00736
10.17,0,10.0276,2.00594
10.18,0,10.0204,2.0045
10.19,0,10.013,2.00303
10.2,0,10.0055,2.00152
10.21,0,9.99791,1.99998
10.22,0,9.99074,1.99847
10.23,0,9.98397,1.99704
10.24,0,9.97759,1.99568
10.25,0,9.97159,1.99439
10.26,0,9.96596,1.99318
10.27,0,9.96071,1.99205
10.28,0,9.95581,1.99099
10.29,0,9.95127,1.99001
10.3,0,9.94707,1.9891
10.31,0,9.94321,1.98825
10.32,0,9.93968,1.98748
10.33,0,9.93648,1.98678
10.34,0,9.93359,1.98614
10.35,0,9.93102,1.98557
10.36,0,9.92875,1.98506
10.37,0,9.92679,1.98462
10.38,0,9.92511,1.98423
10.39,0,9.92373,1.98391
10.4,0,9.92263,1.98365
10.41,0,9.9218,1.98345
10.42,0,9.92125,1.98331
10.43,0,9.92096,1.98322
10.44,0,9.92093,1.98319
10.45,0,9.92115,1.98322
10.46,0,9.92163,1.98329
10.47,0,9.92235,1.98342
10.48,0,9.92331,1.98361
10.49,0,9.9245,1.98384
10.5,0,9.92593,1.98412
10.51,0,9.92758,1.98445
10.52,0,9.92945,1.98483
10.53,0,9.93154,1.98526
10.54,0,9.93384,1.98573
10.55,0,9.93635,1.98625
10.56,0,9.93906,1.98681
10.57,0,9.94197,1.98742
10.58,0,9.94508,1.98807
10.59,0,9.94838,1.98876
10.6,0,9.95187,1.98949
10.61,0,9.95555,1.99026
10.62,0,9.9594,1.99108
10.63,0,9.96343,1.99193
10.64,0,9.96763,1.99282
10.65,0,9.97201,1.99375
10.66,0,9.97655,1.99472
10.67,0,9.98125,1.99573
10.68,0,9.98611,1.99677
10.69,0,9.99113,1.99786
10.7,0,9.9963,1.99898
10.71,0,10.0016,2.00015
10.72,0,10.0066,2.00127
10.73,0,10.0112,2.00232
10.74,0,10.0154,2.00329
10.75,0,10.0193,2.0042
10.76,0,10.0229,2.00503
10.77,0,10.0262,2.00578
10.78,0,10.0291,2.00647
10.79,0,10.0317,2.00708
10.8,0,10.034,2.00763
10.81,0,10.0361,2.00811
10.82,0,10.0378,2.00852
10.83,0,10.0392,2.00887
10.84,0,10.0404,2.00915
10.85,0,10.0412,2.00937
10.86,0,10.0418,2.00953
10.87,0,10.0422,2.00962
10.88,0,10.0423,2.00966
10.89,0,10.0421,2.00964
10.9,0,10.0417,2.00956
10.91,0,10.041,2.00942
10.92,0,10.0401,2.00923
10.93,0,10.0389,2.00899
10.94,0,10.0376,2.00869
10.95,0,10.036,2.00833
10.96,0,10.0341,2.00793
10.97,0,10.0321,2.00747
10.98,0,10.0298,2.00697
10.99,0,10.0274,2.00642
11,0,10.0247,2.00581
11.01,0,10.0218,2.00517
11.02,0,10.0188,2.00447
11.03,0,10.0155,2.00373
11.04,0,10.0121,2.00294
11.05,0,10.0085,2.0021
11.06,0,10.0047,2.00122
11.07,0,10.0007,2.0003
11.08,0,9.99655,1.99928
11.09,0,9.99275,1.99834
11.1,0,9.98928,1.99748
11.11,0,9.98613,1.99669
11.12,0,9.98329,1.99598
11.13,0,9.98077,1.99535
11.14,0,9.97855,1.99479
11.15,0,9.97663,1.9943
11.16,0,9.975,1.99388
11.17,0,9.97365,1.99353
11.18,0,9.97258,1.99326
11.19,0,9.97179,1.99305
11.2,0,9.97126,1.9929
11.21,0,9.971,1.99282
11.22,0,9.97099,1.99281
11.23,0,9.97124,1.99286
11.24,0,9.97174,1.99296
11.25,0,9.97247,1.99313
11.26,0,9.97345,1.99336
11.27,0,9.97466,1.99365
11.28,0,9.97609,1.994
11.29,0,9.97775,1.9944
11.3,0,9.97963,1.99486
11.31,0,9.98172,1.99537
11.32,0,9.98402,1.99594
11.33,0,9.98653,1.99655
11.34,0,9.98924,1.99722
11.35,0,9.99215,1.99795
11.36,0,9.99525,1.99872
11.37,0,9.99854,1.99954
11.38,0,10.002,2.00043
11.39,0,10.0052,2.00125
11.4,0,10.008,2.00198
11.41,0,10.0105,2.00264
11.42,0,10.0127,2.00323
11.43,0,10.0147,2.00373
11.44,0,10.0163,2.00417
11.45,0,10.0177,2.00453
11.46,0,10.0187,2.00482
11.47,0,10.0195,2.00504
11.48,0,10.0201,2.00518
11.49,0,10.0203,2.00527
11.5,0,10.0203,2.00528
11.51,0,10.0201,2.00523
11.52,0,10.0196,2.00511
11.53,0,10.0189,2.00493
11.54,0,10.0179,2.00469
11.55,0,10.0167,2.00439
11.56,0,10.0153,2.00403
11.57,0,10.0136,2.0036
11.58,0,10.0118,2.00312
11.59,0,10.0097,2.00259
11.6,0,10.0074,2.00199
11.61,0,10.0049,2.00135
11.62,0,10.0022,2.00064
11.63,0,9.99931,1.99988
11.64,0,9.99673,1.99917
11.65,0,9.99445,1.99855
11.66,0,9.99248,1.998
11.67,0,9.99079,1.99753
11.68,0,9.98939,1.99714
11.69,0,9.98826,1.99682
11.7,0,9.98741,1.99658
11.71,0,9.98683,1.99641
11.72,0,9.98651,1.99631
11.73,0,9.98645,1.99628
11.74,0,9.98664,1.99633
11.75,0,9.98708,1.99644
11.76,0,9.98775,1.99661
11.77,0,9.98867,1.99686
11.78,0,9.98982,1.99716
11.79,0,9.99119,1.99753
11.8,0,9.99279,1.99797
11.81,0,9.99461,1.99846
11.82,0,9.99664,1.99902
11.83,0,9.99888,1.99964
11.84,0,10.0013,2.00032
11.85,0,10.0035,2.00093
11.86,0,10.0053,2.00146
11.87,0,10.0069,2.00191
11.88,0,10.0081,2.00229
11.89,0,10.0091,2.00258
11.9,0,10.0099,2.0028
11.91,0,10.0103,2.00294
11.92,0,10.0105,2.00301
11.93,0,10.0105,2.003
11.94,0,10.0102,2.00293
11.95,0,10.0097,2.00278
11.96,0,10.0089,2.00257
11.97,0,10.0079,2.00228
11.98,0,10.0066,2.00193
11.99,0,10.0052,2.00152
12,0,10.0035,2.00104
12.01,0,10.0016,2.00049
12.02,0,9.99946,1.99988
12.03,0,9.99764,1.99934
12.04,0,9.99611,1.99887
12.05,0,9.99486,1.99849
12.06,0,9.99389,1.99819
12.07,0,9.99318,1.99797
12.08,0,9.99274,1.99783
12.09,0,9.99255,1.99776
12.1,0,9.99262,1.99778
12.11,0,9.99293,1.99786
12.12,0,9.99349,1.99802
12.13,0,9.99429,1.99825
12.14,0,9.99532,1.99856
12.15,0,9.99657,1.99893
12.16,0,9.99805,1.99937
12.17,0,9.99975,1.99989
12.18,0,10.0016,2.0005
12.19,0,10.0033,2.00102
12.2,0,10.0046,2.00145
12.21,0,10.0057,2.0018
12.22,0,10.0064,2.00206
12.23,0,10.007,2.00224
12.24,0,10.0072,2.00233
12.25,0,10.0073,2.00234
12.26,0,10.007,2.00227
12.27,0,10.0065,2.00213
12.28,0,10.0058,2.0019
12.29,0,10.0049,2.0016
12.3,0,10.0037,2.00123
12.31,0,10.0023,2.00078
12.32,0,10.0007,2.00025
12.33,0,9.99888,1.99965
12.34,0,9.99733,1.99914
12.35,0,9.99607,1.99872
12.36,0,9.99508,1.99839
12.37,0,9.99435,1.99814
12.38,0,9.99389,1.99798
12.39,0,9.99368,1.99791
12.4,0,9.99372,1.99792
12.41,0,9.99401,1.99801
12.42,0,9.99454,1.99818
12.43,0,9.99531,1.99843
12.44,0,9.99631,1.99875
12.45,0,9.99753,1.99916
12.46,0,9.99898,1.99964
12.47,0,10.0006,2.00019
12.48,0,10.002,2.00066
12.49,0,10.0031,2.00104
12.5,0,10.004,2.00133
12.51,0,10.0045,2.00153
12.52,0,10.0048,2.00165
12.53,0,10.0049,2.00167
12.54,0,10.0047,2.00162
12.55,0,10.0043,2.00148
12.56,0,10.0036,2.00126
12.57,0,10.0027,2.00095
12.58,0,10.0016,2.00057
12.59,0,10.0003,2.00011
12.6,0,9.99871,1.99956
12.61,0,9.99743,1.9991
12.62,0,9.99641,1.99874
12.63,0,9.99567,1.99848
12.64,0,9.99518,1.9983
12.65,0,9.99495,1.99821
12.66,0,9.99497,1.99822
12.67,0,9.99523,1.9983
12.68,0,9.99574,1.99848
12.69,0,9.99647,1.99874
12.7,0,9.99744,1.99908
12.71,0,9.99863,1.9995
12.72,0,10,2
12.73,0,10.0012,2.00048
12.74,0,10.002,2.00084
12.75,0,10.0026,2.0011
12.76,0,10.003,2.00126
12.77,0,10.0031,2.00131
12.78,0,10.003,2.00126
12.79,0,10.0026,2.0011
12.8,0,10.002,2.00085
12.81,0,10.0012,2.00051
12.82,0,10.0001,2.00006
12.83,0,9.99885,1.9995
12.84,0,9.99785,1.99905
12.85,0,9.99712,1.99871
12.86,0,9.99663,1.99849
12.87,0,9.99639,1.99838
12.88,0,9.9964,1.99838
12.89,0,9.99664,1.99848
12.9,0,9.99711,1.99869
12.91,0,9.99781,1.99901
12.92,0,9.99874,1.99942
12.93,0,9.99988,1.99993
12.94,0,10.0012,2.00056
12.95,0,10.0023,2.00107
12.96,0,10.0031,2.00146
12.97,0,10.0037,2.00173
12.98,0,10.004,2.00188
12.99,0,10.0041,2.00192
13,0,10.004,2.00185
13.01,0,10.0036,2.00168
13.02,0,10.003,2.00139
13.03,0,10.0021,2.001
13.04,0,10.0011,2.00051
13.05,0,9.99981,1.99992
13.06,0,9.9988,1.99944
13.07,0,9.99806,1.99908
13.08,0,9.99756,1.99884
13.09,0,9.9973,1.99871
13.1,0,9.99729,1.9987
13.11,0,9.99751,1.99881
13.12,0,9.99796,1.99902
13.13,0,9.99864,1.99934
13.14,0,9.99953,1.99977
13.15,0,10.0006,2.0003
13.16,0,10.0015,2.00072
13.17,0,10.0021,2.00101
13.18,0,10.0025,2.00118
13.19,0,10.0026,2.00124
13.2,0,10.0024,2.00119
13.21,0,10.0021,2.00102
13.22,0,10.0015,2.00074
13.23,0,10.0007,2.00035
13.24,0,9.99969,1.99986
13.25,0,9.99893,1.99948
13.26,0,9.99842,1.99923
13.27,0,9.99815,1.99909
13.28,0,9.99812,1.99907
13.29,0,9.99832,1.99917
13.3,0,9.99875,1.99938
13.31,0,9.99941,1.9997
13.32,0,10.0003,2.00013
13.33,0,10.0009,2.00045
13.34,0,10.0013,2.00064
13.35,0,10.0014,2.00071
13.36,0,10.0013,2.00066
13.37,0,10.001,2.0005
13.38,0,10.0004,2.00023
13.39,0,9.99966,1.99984
13.4,0,9.99914,1.99957
13.41,0,9.99886,1.99942
13.42,0,9.99881,1.9994
13.43,0,9.999,1.99949
13.44,0,9.99942,1.9997
13.45,0,10.0001,2.00002
13.46,0,10.0004,2.00025
13.47,0,10.0006,2.00034
13.48,0,10.0005,2.0003
13.49,0,10.0002,2.00013
13.5,0,9.99969,1.99982
13.51,0,9.99941,1.99965
13.52,0,9.99936,1.99962
13.53,0,9.99954,1.99972
13.54,0,9.99993,1.99995
13.55,0,10.0005,2.00033
13.56,0,10.0009,2.00056
13.57,0,10.001,2.00065
13.58,0,10.0009,2.0006
13.59,0,10.0006,2.00041
13.6,0,10.0001,2.00008
13.61,0,9.9994,1.99961
13.62,0,9.99892,1.99929
13.63,0,9.99866,1.99912
13.64,0,9.99862,1.9991
13.65,0,9.99881,1.99922
13.66,0,9.9992,1.99947
13.67,0,9.99981,1.99987
13.68,0,10.0006,2.0004
13.69,0,10.0012,2.00079
13.7,0,10.0015,2.00102
13.71,0,10.0017,2.0011
13.72,0,10.0016,2.00104
13.73,0,10.0013,2.00083
13.74,0,10.0007,2.00049
13.75,0,10,2.00001
13.76,0,9.99915,1.99931
13.77,0,9.99852,1.9988
13.78,0,9.9981,1.99846
13.79,0,9.99789,1.99829
13.8,0,9.99789,1.99829
13.81,0,9.99809,1.99845
13.82,0,9.99849,1.99877
13.83,0,9.99908,1.99925
13.84,0,9.99986,1.99988
13.85,0,10.0008,2.00067
13.86,0,10.0016,2.00128
13.87,0,10.0021,2.00171
13.88,0,10.0024,2.00197
13.89,0,10.0025,2.00206
13.9,0,10.0024,2.00198
13.91,0,10.0021,2.00174
13.92,0,10.0016,2.00134
13.93,0,10.001,2.00079
13.94,0,10.0001,2.00008
13.95,0,9.99904,1.99921
13.96,0,9.99821,1.99853
13.97,0,9.9976,1.99803
13.98,0,9.9972,1.9977
13.99,0,9.99701,1.99755
14,0,9.99703,1.99756
14.01,0,9.99724,1.99774
14.02,0,9.99766,1.99808
14.03,0,9.99826,1.99857
14.04,0,9.99906,1.99922
14.05,0,10,2.00003
14.06,0,10.0008,2.00065
14.07,0,10.0013,2.0011
14.08,0,10.0017,2.00138
14.09,0,10.0018,2.00148
14.1,0,10.0017,2.00141
14.11,0,10.0014,2.00118
14.12,0,10.001,2.00079
14.13,0,10.0003,2.00024
14.14,0,9.99944,1.99953
14.15,0,9.99881,1.99901
14.16,0,9.99839,1.99866
14.17,0,9.99817,1.99848
14.18,0,9.99817,1.99847
14.19,0,9.99836,1.99863
14.2,0,9.99875,1.99896
14.21,0,9.99933,1.99944
14.22,0,10.0001,2.00008
14.23,0,10.0006,2.00054
14.24,0,10.001,2.00083
14.25,0,10.0011,2.00094
14.26,0,10.0011,2.00089
14.27,0,10.0008,2.00067
14.28,0,10.0003,2.00028
14.29,0,9.99969,1.99974
14.3,0,9.99925,1.99937
14.31,0,9.99902,1.99918
14.32,0,9.999,1.99916
14.33,0,9.99917,1.99931
14.34,0,9.99955,1.99962
14.35,0,10.0001,2.00009
14.36,0,10.0005,2.00039
14.37,0,10.0006,2.00051
14.38,0,10.0005,2.00046
14.39,0,10.0003,2.00025
14.4,0,9.99985,1.99987
14.41,0,9.99961,1.99967
14.42,0,9.99957,1.99964
14.43,0,9.99974,1.99978
14.44,0,10.0001,2.00008
14.45,0,10.0002,2.00021
14.46,0,10.0002,2.00017
14.47,0,9.99995,1.99996
14.48,0,9.99991,1.99992
14.49,0,10.0001,2.00006
14.5,0,10,2.00002
14.51,0,9.99981,1.99978
14.52,0,9.99978,1.99974
14.53,0,9.99992,1.9999
14.54,0,10.0002,2.00026
14.55,0,10.0003,2.00041
14.56,0,10.0003,2.00036
14.57,0,10.0001,2.00011
14.58,0,9.99972,1.99967
14.59,0,9.99953,1.99943
14.6,0,9.9995,1.9994
14.61,0,9.99964,1.99957
14.62,0,9.99995,1.99994
14.63,0,10.0004,2.0005
14.64,0,10.0007,2.00084
14.65,0,10.0008,2.00099
14.66,0,10.0008,2.00092
14.67,0,10.0005,2.00066
14.68,0,10.0002,2.0002
14.69,0,9.99963,1.99956
14.7,0,9.99928,1.99912
14.71,0,9.99909,1.99889
14.72,0,9.99907,1.99887
14.73,0,9.99922,1.99905
14.74,0,9.99953,1.99943
14.75,0,10,2
14.76,0,10.0003,2.00039
14.77,0,10.0004,2.00056
14.78,0,10.0003,2.0005
14.79,0,10.0002,2.00024
14.8,0,9.99984,1.99976
14.81,0,9.99966,1.99951
14.82,0,9.99964,1.99948
14.83,0,9.99977,1.99966
14.84,0,10,2.00006
14.85,0,10.0002,2.00023
14.86,0,10.0001,2.00018
14.87,0,9.99995,1.99992
14.88,0,9.99992,1.99988
14.89,0,10,2.00006
14.9,0,10,2.00002
14.91,0,9.99987,1.99974
14.92,0,9.99985,1.9997
14.93,0,9.99995,1.9999
14.94,0,10.0002,2.00032
14.95,0,10.0003,2.0005
14.96,0,10.0002,2.00045
14.97,0,10.0001,2.00016
14.98,0,9.99982,1.99965
14.99,0,9.99969,1.99938
15,0,9.99967,1.99935
15.01,0,9.99977,1.99955
15.02,0,9.99999,1.99998
15.03,0,10.0003,2.00063
15.04,0,10.0005,2.00104
15.05,0,10.0006,2.00121
15.06,0,10.0006,2.00114
15.07,0,10.0004,2.00084
15.08,0,10.0002,2.00032
15.09,0,9.99978,1.99957
15.1,0,9.99953,1.99907
15.11,0,9.99941,1.99881
15.12,0,9.9994,1.99879
15.13,0,9.9995,1.999
15.14,0,9.99972,1.99944
15.15,0,10.0001,2.00011
15.16,0,10.0003,2.00053
15.17,0,10.0004,2.00071
15.18,0,10.0003,2.00065
15.19,0,10.0002,2.00036
15.2,0,9.99992,1.99984
15.21,0,9.99978,1.99957
15.22,0,9.99977,1.99953
15.23,0,9.99987,1.99973
15.24,0,10.0001,2.00016
15.25,0,10.0002,2.00034
15.26,0,10.0001,2.00029
15.27,0,10,2.00001
15.28,0,9.99976,1.9995
15.29,0,9.99963,1.99923
15.3,0,9.99962,1.9992
15.31,0,9.99971,1.99941
15.32,0,9.99992,1.99984
15.33,0,10.0002,2.0005
15.34,0,10.0004,2.00092
15.35,0,10.0005,2.00109
15.36,0,10.0005,2.00102
15.37,0,10.0003,2.00073
15.38,0,10.0001,2.0002
15.39,0,9.99973,1.99945
15.4,0,9.99949,1.99894
15.41,0,9.99937,1.99869
15.42,0,9.99936,1.99867
15.43,0,9.99947,1.99889
15.44,0,9.99968,1.99933
15.45,0,10,2
15.46,0,10.0002,2.00043
15.47,0,10.0003,2.00061
15.48,0,10.0003,2.00056
15.49,0,10.0001,2.00027
15.5,0,9.99988,1.99974
15.51,0,9.99975,1.99947
15.52,0,9.99974,1.99944
15.53,0,9.99983,1.99964
15.54,0,10,2.00007
15.55,0,10.0001,2.00026
15.56,0,10.0001,2.00021
15.57,0,9.99997,1.99993
15.58,0,9.99995,1.99989
15.59,0,10,2.00008
15.6,0,10,2.00003
15.61,0,9.99989,1.99975
15.62,0,9.99987,1.99971
15.63,0,9.99996,1.99991
15.64,0,10.0002,2.00034
15.65,0,10.0002,2.00053
15.66,0,10.0002,2.00047
15.67,0,10.0001,2.00018
15.68,0,9.99985,1.99966
15.69,0,9.99972,1.99938
15.7,0,9.99971,1.99935
15.71,0,9.9998,1.99956
15.72,0,10,1.99999
15.73,0,10.0003,2.00066
15.74,0,10.0005,2.00108
15.75,0,10.0006,2.00125
15.76,0,10.0005,2.00118
15.77,0,10.0004,2.00087
15.78,0,10.0001,2.00034
15.79,0,9.99981,1.99957
15.8,0,9.99958,1.99906
15.81,0,9.99947,1.9988
15.82,0,9.99946,1.99878
15.83,0,9.99955,1.99899
15.84,0,9.99975,1.99944
15.85,0,10.0001,2.00012
15.86,0,10.0002,2.00055
15.87,0,10.0003,2.00073
15.88,0,10.0003,2.00067
15.89,0,10.0002,2.00038
15.9,0,9.99993,1.99985
15.91,0,9.99981,1.99957
15.92,0,9.99979,1.99953
15.93,0,9.99988,1.99974
15.94,0,10.0001,2.00017
15.95,0,10.0002,2.00036
15.96,0,10.0001,2.00031
15.97,0,10,2.00002
15.98,0,9.99978,1.9995
15.99,0,9.99966,1.99923
16,0,9.99965,1.9992
16.01,0,9.99974,1.99941
16.02,0,9.99993,1.99985
16.03,0,10.0002,2.00052
16.04,0,10.0004,2.00094
16.05,0,10.0005,2.00112
16.06,0,10.0005,2.00105
16.07,0,10.0003,2.00075
16.08,0,10.0001,2.00021
16.09,0,9.99976,1.99945
16.1,0,9.99953,1.99894
16.11,0,9.99942,1.99868
16.12,0,9.99941,1.99866
16.13,0,9.99951,1.99888
16.14,0,9.99971,1.99933
16.15,0,10,2.00001
16.16,0,10.0002,2.00044
16.17,0,10.0003,2.00063
16.18,0,10.0003,2.00057
16.19,0,10.0001,2.00028
16.2,0,9.99989,1.99975
16.21,0,9.99977,1.99947
16.22,0,9.99975,1.99944
16.23,0,9.99984,1.99964
16.24,0,10,2.00008
16.25,0,10.0001,2.00027
16.26,0,10.0001,2.00022
16.27,0,9.99997,1.99993
16.28,0,9.99995,1.99989
16.29,0,10,2.00009
16.3,0,10,2.00004
16.31,0,9.99989,1.99976
16.32,0,9.99988,1.99972
16.33,0,9.99996,1.99991
16.34,0,10.0002,2.00035
16.35,0,10.0002,2.00053
16.36,0,10.0002,2.00048
16.37,0,10.0001,2.00019
16.38,0,9.99985,1.99966
16.39,0,9.99973,1.99938
16.4,0,9.99972,1.99935
16.41,0,9.99981,1.99956
16.42,0,10,2
16.43,0,10.0003,2.00067
16.44,0,10.0005,2.00109
16.45,0,10.0005,2.00126
16.46,0,10.0005,2.00119
16.47,0,10.0004,2.00088
16.48,0,10.0001,2.00034
16.49,0,9.99982,1.99957
16.5,0,9.9996,1.99906
16.51,0,9.99948,1.99879
16.52,0,9.99947,1.99877
16.53,0,9.99957,1.99899
16.54,0,9.99976,1.99945
16.55,0,10.0001,2.00013
16.56,0,10.0002,2.00056
16.57,0,10.0003,2.00074
16.58,0,10.0003,2.00068
16.59,0,10.0002,2.00038
16.6,0,9.99994,1.99985
16.61,0,9.99982,1.99957
16.62,0,9.9998,1.99954
16.63,0,9.99989,1.99974
16.64,0,10.0001,2.00018
16.65,0,10.0002,2.00037
16.66,0,10.0001,2.00031
16.67,0,10,2.00002
16.68,0,9.99979,1.9995
16.69,0,9.99967,1.99923
16.7,0,9.99966,1.9992
16.71,0,9.99975,1.99941
16.72,0,9.99994,1.99985
16.73,0,10.0002,2.00053
16.74,0,10.0004,2.00095
16.75,0,10.0005,2.00112
16.76,0,10.0005,2.00106
16.77,0,10.0003,2.00075
16.78,0,10.0001,2.00021
16.79,0,9.99976,1.99945
16.8,0,9.99954,1.99893
16.81,0,9.99943,1.99867
16.82,0,9.99942,1.99865
16.83,0,9.99952,1.99887
16.84,0,9.99971,1.99933
16.85,0,10,2.00001
16.86,0,10.0002,2.00045
16.87,0,10.0003,2.00063
16.88,0,10.0002,2.00057
16.89,0,10.0001,2.00028
16.9,0,9.99989,1.99975
16.91,0,9.99977,1.99947
16.92,0,9.99976,1.99944
16.93,0,9.99985,1.99964
16.94,0,10,2.00008
16.95,0,10.0001,2.00027
16.96,0,10.0001,2.00022
16.97,0,9.99997,1.99994
16.98,0,9.99995,1.99989
16.99,0,10,2.00009
17,0,10,2.00004
17.01,0,9.9999,1.99976
17.02,0,9.99988,1.99972
17.03,0,9.99996,1.99992
17.04,0,10.0001,2.00035
17.05,0,10.0002,2.00054
17.06,0,10.0002,2.00048
17.07,0,10.0001,2.00019
17.08,0,9.99985,1.99966
17.09,0,9.99974,1.99938
17.1,0,9.99972,1.99935
17.11,0,9.99981,1.99956
17.12,0,10,2
17.13,0,10.0003,2.00067
17.14,0,10.0005,2.00109
17.15,0,10.0005,2.00126
17.16,0,10.0005,2.00119
17.17,0,10.0004,2.00089
17.18,0,10.0001,2.00034
17.19,0,9.99982,1.99957
17.2,0,9.9996,1.99906
17.21,0,9.99949,1.99879
17.22,0,9.99948,1.99877
17.23,0,9.99957,1.99899
17.24,0,9.99976,1.99944
17.25,0,10.0001,2.00013
17.26,0,10.0002,2.00056
17.27,0,10.0003,2.00074
17.28,0,10.0003,2.00068
17.29,0,10.0002,2.00038
17.3,0,9.99994,1.99985
17.31,0,9.99982,1.99957
17.32,0,9.9998,1.99953
17.33,0,9.99989,1.99974
17.34,0,10.0001,2.00018
17.35,0,10.0002,2.00037
17.36,0,10.0001,2.00032
17.37,0,10,2.00002
17.38,0,9.99979,1.9995
17.39,0,9.99967,1.99923
17.4,0,9.99966,1.9992
17.41,0,9.99975,1.99941
17.42,0,9.99994,1.99985
17.43,0,10.0002,2.00053
17.44,0,10.0004,2.00095
17.45,0,10.0005,2.00113
17.46,0,10.0004,2.00106
17.47,0,10.0003,2.00075
17.48,0,10.0001,2.00021
17.49,0,9.99976,1.99945
17.5,0,9.99955,1.99893
17.51,0,9.99944,1.99867
17.52,0,9.99943,1.99865
17.53,0,9.99952,1.99887
17.54,0,9.99972,1.99933
17.55,0,10,2.00002
17.56,0,10.0002,2.00045
17.57,0,10.0003,2.00063
17.58,0,10.0002,2.00058
17.59,0,10.0001,2.00028
17.6,0,9.99989,1.99975
17.61,0,9.99978,1.99947
17.62,0,9.99976,1.99944
17.63,0,9.99985,1.99964
17.64,0,10,2.00008
17.65,0,10.0001,2.00027
17.66,0,10.0001,2.00022
17.67,0,9.99997,1.99994
17.68,0,9.99995,1.99989
17.69,0,10,2.00009
17.7,0,10,2.00004
17.71,0,9.9999,1.99976
17.72,0,9.99988,1.99972
17.73,0,9.99996,1.99992
17.74,0,10.0001,2.00035
17.75,0,10.0002,2.00054
17.76,0,10.0002,2.00048
17.77,0,10.0001,2.00019
17.78,0,9.99986,1.99966
17.79,0,9.99974,1.99938
17.8,0,9.99972,1.99935
17.81,0,9.99981,1.99956
17.82,0,10,2
17.83,0,10.0003,2.00067
17.84,0,10.0005,2.00109
17.85,0,10.0005,2.00126
17.86,0,10.0005,2.00119
17.87,0,10.0004,2.00089
17.88,0,10.0001,2.00034
17.89,0,9.99982,1.99957
17.9,0,9.9996,1.99906
17.91,0,9.99949,1.99879
17.92,0,9.99948,1.99877
17.93,0,9.99957,1.99899
17.94,0,9.99976,1.99944
17.95,0,10.0001,2.00013
17.96,0,10.0002,2.00056
17.97,0,10.0003,2.00074
17.98,0,10.0003,2.00068
17.99,0,10.0002,2.00038
18,0,9.99994,1.99985
18.01,0,9.99982,1.99957
18.02,0,9.9998,1.99953
18.03,0,9.99989,1.99974
18.04,0,10.0001,2.00018
18.05,0,10.0002,2.00037
18.06,0,10.0001,2.00032
18.07,0,10,2.00002
18.08,0,9.99979,1.9995
18.09,0,9.99967,1.99923
18.1,0,9.99966,1.9992
18.11,0,9.99975,1.99941
18.12,0,9.99994,1.99985
18.13,0,10.0002,2.00053
18.14,0,10.0004,2.00095
18.15,0,10.0005,2.00113
18.16,0,10.0004,2.00106
18.17,0,10.0003,2.00075
18.18,0,10.0001,2.00021
18.19,0,9.99977,1.99945
18.2,0,9.99955,1.99893
18.21,0,9.99944,1.99867
18.22,0,9.99943,1.99865
18.23,0,9.99952,1.99887
18.24,0,9.99972,1.99933
18.25,0,10,2.00002
18.26,0,10.0002,2.00045
18.27,0,10.0003,2.00063
18.28,0,10.0002,2.00058
18.29,0,10.0001,2.00028
18.3,0,9.99989,1.99975
18.31,0,9.99978,1.99947
18.32,0,9.99976,1.99944
18.33,0,9.99985,1.99964
18.34,0,10,2.00008
18.35,0,10.0001,2.00027
18.36,0,10.0001,2.00022
18.37,0,9.99997,1.99994
18.38,0,9.99995,1.99989
18.39,0,10,2.00009
18.4,0,10,2.00004
18.41,0,9.9999,1.99976
18.42,0,9.99988,1.99972
18.43,0,9.99996,1.99992
18.44,0,10.0001,2.00035
18.45,0,10.0002,2.00054
18.46,0,10.0002,2.00048
18.47,0,10.0001,2.00019
18.48,0,9.99986,1.99966
18.49,0,9.99974,1.99938
18.5,0,9.99972,1.99935
18.51,0,9.99981,1.99956
18.52,0,10,2
18.53,0,10.0003,2.00067
18.54,0,10.0005,2.00109
18.55,0,10.0005,2.00126
18.56,0,10.0005,2.00119
18.57,0,10.0004,2.00089
18.58,0,10.0001,2.00034
18.59,0,9.99982,1.99957
18.6,0,9.9996,1.99906
18.61,0,9.99949,1.99879
18.62,0,9.99948,1.99877
18.63,0,9.99957,1.99899
18.64,0,9.99976,1.99944
18.65,0,10.0001,2.00013
18.66,0,10.0002,2.00056
18.67,0,10.0003,2.00074
18.68,0,10.0003,2.00068
18.69,0,10.0002,2.00038
18.7,0,9.99994,1.99985
18.71,0,9.99982,1.99957
18.72,0,9.9998,1.99953
18.73,0,9.99989,1.99974
18.74,0,10.0001,2.00018
18.75,0,10.0002,2.00037
18.76,0,10.0001,2.00032
18.77,0,10,2.00002
18.78,0,9.99979,1.9995
18.79,0,9.99967,1.99923
18.8,0,9.99966,1.9992
18.81,0,9.99975,1.99941
18.82,0,9.99994,1.99985
18.83,0,10.0002,2.00053
18.84,0,10.0004,2.00095
18.85,0,10.0005,2.00113
18.86,0,10.0004,2.00106
18.87,0,10.0003,2.00075
18.88,0,10.0001,2.00021
18.89,0,9.99977,1.99945
18.9,0,9.99955,1.99893
18.91,0,9.99944,1.99867
18.92,0,9.99943,1.99865
18.93,0,9.99952,1.99887
18.94,0,9.99972,1.99933
18.95,0,10,2.00002
18.96,0,10.0002,2.00045
18.97,0,10.0003,2.00063
18.98,0,10.0002,2.00058
18.99,0,10.0001,2.00028
19,0,9.99989,1.99975
19.01,0,9.99978,1.99947
19.02,0,9.99976,1.99944
19.03,0,9.99985,1.99964
19.04,0,10,2.00008
19.05,0,10.0001,2.00027
19.06,0,10.0001,2.00022
19.07,0,9.99997,1.99994
19.08,0,9.99995,1.99989
19.09,0,10,2.00009
19.1,0,10,2.00004
19.11,0,9.9999,1.99976
19.12,0,9.99988,1.99972
19.13,0,9.99996,1.99992
19.14,0,10.0001,2.00035
19.15,0,10.0002,2.00054
19.16,0,10.0002,2.00048
19.17,0,10.0001,2.00019
19.18,0,9.99986,1.99966
19.19,0,9.99974,1.99938
19.2,0,9.99972,1.99935
19.21,0,9.99981,1.99956
19.22,0,10,2
19.23,0,10.0003,2.00067
19.24,0,10.0005,2.00109
19.25,0,10.0005,2.00126
19.26,0,10.0005,2.00119
19.27,0,10.0004,2.00089
19.28,0,10.0001,2.00034
19.29,0,9.99982,1.99957
19.3,0,9.9996,1.99906
19.31,0,9.99949,1.99879
19.32,0,9.99948,1.99877
19.33,0,9.99957,1.99899
19.34,0,9.99976,1.99944
19.35,0,10.0001,2.00013
19.36,0,10.0002,2.00056
19.37,0,10.0003,2.00074
19.38,0,10.0003,2.00068
19.39,0,10.0002,2.00038
19.4,0,9.99994,1.99985
19.41,0,9.99982,1.99957
19.42,0,9.9998,1.99953
19.43,0,9.99989,1.99974
19.44,0,10.0001,2.00018
19.45,0,10.0002,2.00037
19.46,0,10.0001,2.00032
19.47,0,10,2.00002
19.48,0,9.99979,1.9995
19.49,0,9.99967,1.99923
19.5,0,9.99966,1.9992
19.51,0,9.99975,1.99941
19.52,0,9.99994,1.99985
19.53,0,10.0002,2.00053
19.54,0,10.0004,2.00095
19.55,0,10.0005,2.00113
19.56,0,10.0004,2.00106
19.57,0,10.0003,2.00075
19.58,0,10.0001,2.00021
19.59,0,9.99977,1.99945
19.6,0,9.99955,1.99893
19.61,0,9.99944,1.99867
19.62,0,9.99943,1.99865
19.63,0,9.99952,1.99887
19.64,0,9.99972,1.99933
19.65,0,10,2.00002
19.66,0,10.0002,2.00045
19.67,0,10.0003,2.00063
19.68,0,10.0002,2.00058
19.69,0,10.0001,2.00028
19.7,0,9.99989,1.99975
19.71,0,9.99978,1.99947
19.72,0,9.99976,1.99944
19.73,0,9.99985,1.99964
19.74,0,10,2.00008
19.75,0,10.0001,2.00028
19.76,0,10.0001,2.00022
19.77,0,9.99997,1.99994
19.78,0,9.99995,1.99989
19.79,0,10,2.00009
19.8,0,10,2.00004
19.81,0,9.9999,1.99976
19.82,0,9.99988,1.99972
19.83,0,9.99996,1.99992
19.84,0,10.0001,2.00035
19.85,0,10.0002,2.00054
19.86,0,10.0002,2.00048
19.87,0,10.0001,2.00019
19.88,0,9.99986,1.99966
19.89,0,9.99974,1.99938
19.9,0,9.99972,1.99935
19.91,0,9.99981,1.99956
19.92,0,10,2
19.93,0,10.0003,2.00067
19.94,0,10.0005,2.00109
19.95,0,10.0005,2.00126
19.96,0,10.0005,2.00119
19.97,0,10.0004,2.00089
19.98,0,10.0001,2.00034
19.99,0,9.99982,1.99957
0,1,9.99978,2.1
0.01,1,9.99934,2.1
0.02,1,9.9987,2.1
0.03,1,9.99784,2.1
0.04,1,9.99679,2.1
0.05,1,9.99553,2.1
0.06,1,9.99408,2.1
0.07,1,9.99244,2.1
0.08,1,9.99061,2.1
0.09,1,9.9886,2.1
0.1,1,9.98641,2.1
0.11,1,9.98404,2.1
0.12,1,9.9815,2.1
0.13,1,9.97879,2.1
0.14,1,9.97591,2.1
0.15,1,9.97287,2.1
0.16,1,9.96968,2.1
0.17,1,9.96632,2.1
0.18,1,9.96282,2.1
0.19,1,9.95916,2.1
0.2,1,9.95536,2.1
0.21,1,9.95141,2.1
0.22,1,9.94732,2.1
0.23,1,9.94309,2.1
0.24,1,9.93873,2.1
0.25,1,9.93424,2.1
0.26,1,9.92961,2.1
0.27,1,9.92486,2.1
0.28,1,9.91998,2.1
0.29,1,9.91498,2.1
0.3,1,9.90986,2.1
0.31,1,9.90463,2.1
0.32,1,9.89927,2.1
0.33,1,9.89381,2.1
0.34,1,9.88823,2.1
0.35,1,9.88255,2.1
0.36,1,9.87676,2.1
0.37,1,9.87086,2.1
0.38,1,9.86486,2.1
0.39,1,9.85877,2.1
0.4,1,9.85257,2.1
0.41,1,9.84628,2.1
0.42,1,9.8399,2.1
0.43,1,9.83342,2.1
0.44,1,9.82685,2.1
0.45,1,9.82019,2.1
0.46,1,9.81345,2.1
0.47,1,9.80662,2.1
0.48,1,9.79971,2.1
0.49,1,9.79271,2.1
0.5,1,9.78564,2.1
0.51,1,9.77849,2.1
0.52,1,9.77126,2.1
0.53,1,9.76395,2.1
0.54,1,9.75657,2.1
0.55,1,9.74912,2.1
0.56,1,9.7416,2.1
0.57,1,9.73401,2.1
0.58,1,9.72635,2.1
0.59,1,9.71862,2.1
0.6,1,9.71083,2.1
0.61,1,9.70297,2.1
0.62,1,9.69505,2.1
0.63,1,9.68707,2.1
0.64,1,9.67903,2.1
0.65,1,9.67093,2.1
0.66,1,9.66277,2.1
0.67,1,9.65455,2.1
0.68,1,9.64628,2.1
0.69,1,9.63796,2.1
0.7,1,9.62958,2.1
0.71,1,9.62115,2.1
0.72,1,9.61266,2.1
0.73,1,9.60413,2.1
0.74,1,9.59555,2.1
0.75,1,9.58692,2.1
0.76,1,9.57824,2.1
0.77,1,9.56951,2.1
0.78,1,9.56074,2.1
0.79,1,9.55193,2.1
0.8,1,9.54307,2.1
0.81,1,9.53417,2.1
0.82,1,9.52522,2.1
0.83,1,9.51624,2.1
0.84,1,9.50722,2.1
0.85,1,9.49815,2.1
0.86,1,9.48905,2.1
0.87,1,9.47991,2.1
0.88,1,9.47073,2.1
0.89,1,9.46151,2.1
0.9,1,9.45226,2.1
0.91,1,9.44298,2.1
0.92,1,9.43366,2.1
0.93,1,9.42431,2.1
0.94,1,9.41492,2.1
0.95,1,9.4055,2.1
0.96,1,9.39605,2.1
0.97,1,9.38657,2.1
0.98,1,9.37706,2.1
0.99,1,9.36752,2.1
1,1,9.35795,2.1
1.01,1,9.34835,2.1
1.02,1,9.33872,2.1
1.03,1,9.32907,2.1
1.04,1,9.31939,2.1
1.05,1,9.30968,2.1
1.06,1,9.29994,2.1
1.07,1,9.29019,2.1
1.08,1,9.2804,2.1
1.09,1,9.27059,2.1
1.1,1,9.26076,2.1
1.11,1,9.25091,2.1
1.12,1,9.24103,2.1
1.13,1,9.23113,2.1
1.14,1,9.22121,2.1
1.15,1,9.21126,2.1
1.16,1,9.2013,2.1
1.17,1,9.19131,2.1
1.18,1,9.1813,2.1
1.19,1,9.17128,2.1
1.2,1,9.16123,2.1
1.21,1,9.15117,2.1
1.22,1,9.14108,2.1
1.23,1,9.13098,2.1
1.24,1,9.12086,2.1
1.25,1,9.11073,2.1
1.26,1,9.10057,2.1
1.27,1,9.0904,2.1
1.28,1,9.08021,2.1
1.29,1,9.07001,2.1
1.3,1,9.05979,2.1
1.31,1,9.04955,2.1
1.32,1,9.0393,2.1
1.33,1,9.02903,2.1
1.34,1,9.01875,2.1
1.35,1,9.00846,2.1
1.36,1,8.99815,2.1
1.37,1,8.98783,2.1
1.38,1,8.97749,2.1
1.39,1,8.96714,2.1
1.4,1,8.95678,2.1
1.41,1,8.9464,2.1
1.42,1,8.93601,2.1
1.43,1,8.92561,2.1
1.44,1,8.9152,2.1
1.45,1,8.90478,2.1
1.46,1,8.89434,2.1
1.47,1,8.8839,2.1
1.48,1,8.87344,2.1
1.49,1,8.86297,2.1
1.5,1,8.85249,2.1
1.51,1,8.842,2.1
1.52,1,8.8315,2.1
1.53,1,8.82099,2.1
1.54,1,8.81047,2.1
1.55,1,8.79994,2.1
1.56,1,8.7894,2.1
1.57,1,8.77885,2.1
1.58,1,8.7683,2.1
1.59,1,8.75773,2.1
1.6,1,8.74716,2.1
1.61,1,8.73657,2.1
1.62,1,8.72598,2.1
1.63,1,8.71538,2.1
1.64,1,8.70477,2.1
1.65,1,8.69416,2.1
1.66,1,8.68354,2.1
1.67,1,8.6729,2.1
1.68,1,8.66227,2.1
1.69,1,8.65162,2.1
1.7,1,8.64097,2.1
1.71,1,8.63031,2.1
1.72,1,8.61964,2.1
1.73,1,8.60897,2.1
1.74,1,8.59829,2.1
1.75,1,8.58761,2.1
1.76,1,8.57691,2.1
1.77,1,8.56621,2.1
1.78,1,8.55551,2.1
1.79,1,8.5448,2.1
1.8,1,8.53408,2.1
1.81,1,8.52336,2.1
1.82,1,8.51264,2.1
1.83,1,8.5019,2.1
1.84,1,8.49116,2.1
1.85,1,8.48042,2.1
1.86,1,8.46967,2.1
1.87,1,8.45892,2.1
1.88,1,8.44816,2.1
1.89,1,8.4374,2.1
1.9,1,8.42663,2.1
1.91,1,8.41586,2.1
1.92,1,8.40508,2.1
1.93,1,8.3943,2.1
1.94,1,8.38351,2.1
1.95,1,8.37272,2.1
1.96,1,8.36193,2.1
1.97,1,8.35113,2.1
1.98,1,8.34033,2.1
1.99,1,8.32952,2.1
2,1,8.31871,2.1
2.01,1,8.3079,2.1
2.02,1,8.29708,2.1
2.03,1,8.28626,2.1
2.04,1,8.27543,2.1
2.05,1,8.2646,2.1
2.06,1,8.25377,2.1
2.07,1,8.24293,2.1
2.08,1,8.2321,2.1
2.09,1,8.22125,2.1
2.1,1,8.21041,2.1
2.11,1,8.19956,2.1
2.12,1,8.18871,2.1
2.13,1,8.17786,2.1
2.14,1,8.167,2.1
2.15,1,8.15614,2.1
2.16,1,8.14528,2.1
2.17,1,8.13441,2.1
2.18,1,8.12354,2.1
2.19,1,8.11267,2.1
2.2,1,8.1018,2.1
2.21,1,8.09092,2.1
2.22,1,8.08004,2.1
2.23,1,8.06916,2.1
2.24,1,8.05828,2.1
2.25,1,8.04739,2.1
2.26,1,8.03651,2.1
2.27,1,8.02562,2.1
2.28,1,8.01472,2.1
2.29,1,8.00383,2.1
2.3,1,7.99293,2.1
2.31,1,7.98203,2.1
2.32,1,7.97113,2.1
2.33,1,7.96023,2.1
2.34,1,7.94933,2.1
2.35,1,7.93842,2.1
2.36,1,7.92751,2.1
2.37,1,7.9166,2.1
2.38,1,7.90569,2.1
2.39,1,7.89477,2.1
2.4,1,7.88386,2.1
2.41,1,7.87294,2.1
2.42,1,7.86202,2.1
2.43,1,7.8511,2.1
2.44,1,7.84018,2.1
2.45,1,7.82926,2.1
2.46,1,7.81833,2.1
2.47,1,7.80741,2.1
2.48,1,7.79648,2.1
2.49,1,7.78555,2.1
2.5,1,7.77462,2.1
2.51,1,7.76368,2.1
2.52,1,7.75275,2.1
2.53,1,7.74182,2.1
2.54,1,7.73088,2.1
2.55,1,7.71994,2.1
2.56,1,7.709,2.1
2.57,1,7.69806,2.1
2.58,1,7.68712,2.1
2.59,1,7.67618,2.1
2.6,1,7.66524,2.1
2.61,1,7.65429,2.1
2.62,1,7.64335,2.1
2.63,1,7.6324,2.1
2.64,1,7.62145,2.1
2.65,1,7.6105,2.1
2.66,1,7.59955,2.1
2.67,1,7.5886,2.1
2.68,1,7.57765,2.1
2.69,1,7.5667,2.1
2.7,1,7.55574,2.1
2.71,1,7.54479,2.1
2.72,1,7.53383,2.1
2.73,1,7.52287,2.1
2.74,1,7.51192,2.1
2.75,1,7.50096,2.1
2.76,1,7.49,2.1
2.77,1,7.47904,2.1
2.78,1,7.46808,2.1
2.79,1,7.45712,2.1
2.8,1,7.44615,2.1
2.81,1,7.43519,2.1
2.82,1,7.42423,2.1
2.83,1,7.41326,2.1
2.84,1,7.4023,2.1
2.85,1,7.39133,2.1
2.86,1,7.38037,2.1
2.87,1,7.3694,2.1
2.88,1,7.35843,2.1
2.89,1,7.34746,2.1
2.9,1,7.33649,2.1
2.91,1,7.32552,2.1
2.92,1,7.31455,2.1
2.93,1,7.30358,2.1
2.94,1,7.29261,2.1
2.95,1,7.28164,2.1
2.96,1,7.27066,2.1
2.97,1,7.25969,2.1
2.98,1,7.24872,2.1
2.99,1,7.23774,2.1
3,1,7.22677,2.1
3.01,1,7.21579,2.1
3.02,1,7.20482,2.1
3.03,1,7.19384,2.1
3.04,1,7.18286,2.1
3.05,1,7.17189,2.1
3.06,1,7.16091,2.1
3.07,1,7.14993,2.1
3.08,1,7.13895,2.1
3.09,1,7.12797,2.1
3.1,1,7.11699,2.1
3.11,1,7.10601,2.1
3.12,1,7.09503,2.1
3.13,1,7.08405,2.1
3.14,1,7.07307,2.1
3.15,1,7.06209,2.1
3.16,1,7.05111,2.1
3.17,1,7.04013,2.1
3.18,1,7.02914,2.1
3.19,1,7.01816,2.1
3.2,1,7.00718,2.1
3.21,1,6.99619,2.1
3.22,1,6.98521,2.1
3.23,1,6.97423,2.1
3.24,1,6.96324,2.1
3.25,1,6.95226,2.1
3.26,1,6.94127,2.1
3.27,1,6.93029,2.1
3.28,1,6.9193,2.1
3.29,1,6.90831,2.1
3.3,1,6.89733,2.1
3.31,1,6.88634,2.1
3.32,1,6.87535,2.1
3.33,1,6.86437,2.1
3.34,1,6.85338,2.1
3.35,1,6.84239,2.1
3.36,1,6.8314,2.1
3.37,1,6.82042,2.1
3.38,1,6.80943,2.1
3.39,1,6.79844,2.1
3.4,1,6.78745,2.1
3.41,1,6.77646,2.1
3.42,1,6.76547,2.1
3.43,1,6.75448,2.1
3.44,1,6.74349,2.1
3.45,1,6.7325,2.1
3.46,1,6.72151,2.1
3.47,1,6.71052,2.1
3.48,1,6.69953,2.1
3.49,1,6.68854,2.1
3.5,1,6.67755,2.1
3.51,1,6.66656,2.1
3.52,1,6.65557,2.1
3.53,1,6.64458,2.1
3.54,1,6.63359,2.1
3.55,1,6.62259,2.1
3.56,1,6.6116,2.1
3.57,1,6.60061,2.1
3.58,1,6.58962,2.1
3.59,1,6.57863,2.1
3.6,1,6.56763,2.1
3.61,1,6.55664,2.1
3.62,1,6.54565,2.1
3.63,1,6.53465,2.1
3.64,1,6.52366,2.1
3.65,1,6.51267,2.1
3.66,1,6.50168,2.1
3.67,1,6.49068,2.1
3.68,1,6.47969,2.1
3.69,1,6.46869,2.1
3.7,1,6.4577,2.1
3.71,1,6.44671,2.1
3.72,1,6.43571,2.1
3.73,1,6.42472,2.1
3.74,1,6.41372,2.1
3.75,1,6.40273,2.1
3.76,1,6.39173,2.1
3.77,1,6.38074,2.1
3.78,1,6.36975,2.1
3.79,1,6.35875,2.1
3.8,1,6.34776,2.1
3.81,1,6.33676,2.1
3.82,1,6.32576,2.1
3.83,1,6.31477,2.1
3.84,1,6.30377,2.1
3.85,1,6.29278,2.1
3.86,1,6.28178,2.1
3.87,1,6.27079,2.1
3.88,1,6.25979,2.1
3.89,1,6.2488,2.1
3.9,1,6.2378,2.1
3.91,1,6.2268,2.1
3.92,1,6.21581,2.1
3.93,1,6.20481,2.1
3.94,1,6.19382,2.1
3.95,1,6.18282,2.1
3.96,1,6.17182,2.1
3.97,1,6.16083,2.1
3.98,1,6.14983,2.1
3.99,1,6.13883,2.1
4,1,6.12784,2.1
4.01,1,6.11684,2.1
4.02,1,6.10584,2.1
4.03,1,6.09485,2.1
4.04,1,6.08385,2.1
4.05,1,6.07285,2.1
4.06,1,6.06186,2.1
4.07,1,6.05086,2.1
4.08,1,6.03986,2.1
4.09,1,6.02887,2.1
4.1,1,6.01787,2.1
4.11,1,6.00687,2.1
4.12,1,5.99588,2.1
4.13,1,5.98488,2.1
4.14,1,5.97389,2.1
4.15,1,5.9629,2.1
4.16,1,5.95191,2.1
4.17,1,5.94092,2.1
4.18,1,5.92993,2.1
4.19,1,5.91895,2.1
4.2,1,5.90797,2.10001
4.21,1,5.897,2.10001
4.22,1,5.88605,2.10001
4.23,1,5.8751,2.10002
4.24,1,5.86418,2.10002
4.25,1,5.85328,2.10003
4.26,1,5.84241,2.10005
4.27,1,5.8316,2.10007
4.28,1,5.82084,2.10009
4.29,1,5.81016,2.10013
4.3,1,5.7996,2.10017
4.31,1,5.78919,2.10024
4.32,1,5.77898,2.10033
4.33,1,5.76905,2.10046
4.34,1,5.75946,2.10064
4.35,1,5.75027,2.10087
4.36,1,5.74167,2.10118
4.37,1,5.7338,2.1016
4.38,1,5.72673,2.10214
4.39,1,5.72077,2.10286
4.4,1,5.71611,2.1038
4.41,1,5.71291,2.10498
4.42,1,5.71122,2.10643
4.43,1,5.71122,2.10819
4.44,1,5.71287,2.11025
4.45,1,5.71614,2.11265
4.46,1,5.72093,2.11534
4.47,1,5.72703,2.11832
4.48,1,5.73423,2.12155
4.49,1,5.74231,2.12499
4.5,1,5.75108,2.12859
4.51,1,5.76033,2.13233
4.52,1,5.76991,2.13616
4.53,1,5.77972,2.14007
4.54,1,5.7896,2.14402
4.55,1,5.7995,2.148
4.56,1,5.8093,2.15198
4.57,1,5.81895,2.15594
4.58,1,5.82841,2.15989
4.59,1,5.83764,2.1638
4.6,1,5.84663,2.16767
4.61,1,5.85535,2.1715
4.62,1,5.86378,2.17529
4.63,1,5.87191,2.17902
4.64,1,5.87973,2.18269
4.65,1,5.88725,2.18631
4.66,1,5.89445,2.18986
4.67,1,5.90133,2.19336
4.68,1,5.9079,2.1968
4.69,1,5.91416,2.20018
4.7,1,5.9201,2.20349
4.71,1,5.92574,2.20675
4.72,1,5.93107,2.20995
4.73,1,5.9361,2.21308
4.74,1,5.94083,2.21616
4.75,1,5.94527,2.21918
4.76,1,5.94941,2.22214
4.77,1,5.95328,2.22504
4.78,1,5.95686,2.22789
4.79,1,5.96017,2.23068
4.8,1,5.9632,2.23341
4.81,1,5.96597,2.23609
4.82,1,5.96848,2.23872
4.83,1,5.97073,2.24129
4.84,1,5.97272,2.24381
4.85,1,5.97447,2.24628
4.86,1,5.97598,2.2487
4.87,1,5.97725,2.25107
4.88,1,5.97829,2.2534
4.89,1,5.9791,2.25567
4.9,1,5.97968,2.2579
4.91,1,5.98004,2.26009
4.92,1,5.98019,2.26223
4.93,1,5.98013,2.26432
4.94,1,5.97987,2.26638
4.95,1,5.9794,2.26839
4.96,1,5.97873,2.27036
4.97,1,5.97788,2.2723
4.98,1,5.97683,2.27419
4.99,1,5.9756,2.27605
5,1,5.9742,2.27787
5.01,1,5.97261,2.27966
5.02,1,5.97086,2.28141
5.03,1,5.96894,2.28313
5.04,1,5.96686,2.28482
5.05,1,5.96463,2.28648
5.06,1,5.96224,2.28811
5.07,1,5.9597,2.28971
5.08,1,5.95702,2.29129
5.09,1,5.95421,2.29285
5.1,1,5.95126,2.29438
5.11,1,5.94818,2.2959
5.12,1,5.94497,2.29739
5.13,1,5.94165,2.29888
5.14,1,5.93822,2.30034
5.15,1,5.93468,2.3018
5.16,1,5.93104,2.30325
5.17,1,5.92731,2.3047
5.18,1,5.92349,2.30615
5.19,1,5.9196,2.3076
5.2,1,5.91563,2.30907
5.21,1,5.9116,2.31055
5.22,1,5.90753,2.31205
5.23,1,5.90341,2.31359
5.24,1,5.89925,2.31516
5.25,1,5.89508,2.31677
5.26,1,5.89088,2.31843
5.27,1,5.88668,2.32016
5.28,1,5.88248,2.32194
5.29,1,5.8783,2.3238
5.3,1,5.87415,2.32576
5.31,1,5.87004,2.32782
5.32,1,5.86599,2.33
5.33,1,5.86199,2.33229
5.34,1,5.85807,2.33473
5.35,1,5.85422,2.33732
5.36,1,5.85045,2.34006
5.37,1,5.84678,2.34296
5.38,1,5.84321,2.34606
5.39,1,5.83974,2.34935
5.4,1,5.83638,2.35285
5.41,1,5.83313,2.35656
5.42,1,5.82997,2.36047
5.43,1,5.82691,2.3646
5.44,1,5.82394,2.36894
5.45,1,5.82105,2.37348
5.46,1,5.81823,2.37822
5.47,1,5.81547,2.38317
5.48,1,5.81275,2.38829
5.49,1,5.81008,2.39359
5.5,1,5.80742,2.39906
5.51,1,5.80477,2.40467
5.52,1,5.80211,2.41042
5.53,1,5.79944,2.41629
5.54,1,5.79674,2.42227
5.55,1,5.79399,2.42833
5.56,1,5.79119,2.43447
5.57,1,5.78832,2.44067
5.58,1,5.78539,2.44691
5.59,1,5.78237,2.45319
5.6,1,5.77926,2.45948
5.61,1,5.77605,2.46577
5.62,1,5.77274,2.47205
5.63,1,5.76933,2.47832
5.64,1,5.76581,2.48456
5.65,1,5.76218,2.49077
5.66,1,5.75843,2.49693
5.67,1,5.75457,2.50304
5.68,1,5.75059,2.50909
5.69,1,5.74649,2.51509
5.7,1,5.74227,2.52101
5.71,1,5.73794,2.52686
5.72,1,5.73348,2.53263
5.73,1,5.72891,2.53833
5.74,1,5.72421,2.54393
5.75,1,5.71941,2.54946
5.76,1,5.71448,2.55489
5.77,1,5.70944,2.56024
5.78,1,5.70429,2.56549
5.79,1,5.69902,2.57065
5.8,1,5.69364,2.57571
5.81,1,5.68816,2.58068
5.82,1,5.68256,2.58555
5.83,1,5.67686,2.59033
5.84,1,5.67106,2.59502
5.85,1,5.66516,2.5996
5.86,1,5.65915,2.60409
5.87,1,5.65304,2.60849
5.88,1,5.64684,2.61279
5.89,1,5.64054,2.61699
5.9,1,5.63415,2.6211
5.91,1,5.62767,2.62512
5.92,1,5.6211,2.62904
5.93,1,5.61444,2.63288
5.94,1,5.60769,2.63662
5.95,1,5.60086,2.64027
5.96,1,5.59394,2.64384
5.97,1,5.58695,2.64732
5.98,1,5.57987,2.65071
5.99,1,5.57272,2.65401
6,1,5.56549,2.65723
6.01,1,5.55818,2.66037
6.02,1,5.5508,2.66343
6.03,1,5.54335,2.6664
6.04,1,5.53583,2.6693
6.05,1,5.52824,2.67212
6.06,1,5.52058,2.67486
6.07,1,5.51286,2.67752
6.08,1,5.50507,2.68011
6.09,1,5.49722,2.68263
6.1,1,5.48931,2.68507
6.11,1,5.48133,2.68744
6.12,1,5.4733,2.68974
6.13,1,5.46521,2.69198
6.14,1,5.45706,2.69414
6.15,1,5.44885,2.69624
6.16,1,5.44059,2.69828
6.17,1,5.43228,2.70025
6.18,1,5.42391,2.70215
6.19,1,5.41549,2.704
6.2,1,5.40702,2.70578
6.21,1,5.39851,2.70751
6.22,1,5.38994,2.70917
6.23,1,5.38133,2.71078
6.24,1,5.37267,2.71233
6.25,1,5.36396,2.71382
6.26,1,5.35521,2.71526
6.27,1,5.34642,2.71665
6.28,1,5.33758,2.71798
6.29,1,5.3287,2.71926
6.3,1,5.31978,2.72049
6.31,1,5.31082,2.72167
6.32,1,5.30183,2.7228
6.33,1,5.29279,2.72389
6.34,1,5.28371,2.72492
6.35,1,5.2746,2.72591
6.36,1,5.26545,2.72685
6.37,1,5.25627,2.72775
6.38,1,5.24705,2.72861
6.39,1,5.2378,2.72942
6.4,1,5.22851,2.73019
6.41,1,5.21919,2.73091
6.42,1,5.20984,2.7316
6.43,1,5.20046,2.73225
6.44,1,5.19105,2.73285
6.45,1,5.1816,2.73342
6.46,1,5.17213,2.73395
6.47,1,5.16263,2.73444
6.48,1,5.1531,2.7349
6.49,1,5.14354,2.73532
6.5,1,5.13396,2.7357
6.51,1,5.12435,2.73605
6.52,1,5.11471,2.73637
6.53,1,5.10505,2.73665
6.54,1,5.09536,2.7369
6.55,1,5.08564,2.73711
6.56,1,5.07591,2.7373
6.57,1,5.06615,2.73745
6.58,1,5.05636,2.73758
6.59,1,5.04656,2.73767
6.6,1,5.03673,2.73773
6.61,1,5.02688,2.73777
6.62,1,5.01701,2.73777
6.63,1,5.00712,2.73775
6.64,1,4.9972,2.7377
6.65,1,4.98727,2.73763
6.66,1,4.97732,2.73753
6.67,1,4.96735,2.7374
6.68,1,4.95736,2.73725
6.69,1,4.94735,2.73707
6.7,1,4.93733,2.73687
6.71,1,4.92728,2.73664
6.72,1,4.91722,2.73639
6.73,1,4.90714,2.73612
6.74,1,4.89705,2.73582
6.75,1,4.88694,2.7355
6.76,1,4.87681,2.73516
6.77,1,4.86667,2.7348
6.78,1,4.85651,2.73441
6.79,1,4.84634,2.73401
6.8,1,4.83615,2.73358
6.81,1,4.82595,2.73314
6.82,1,4.81573,2.73267
6.83,1,4.8055,2.73219
6.84,1,4.79526,2.73169
6.85,1,4.785,2.73116
6.86,1,4.77473,2.73062
6.87,1,4.76445,2.73007
6.88,1,4.75415,2.72949
6.89,1,4.74385,2.7289
6.9,1,4.73353,2.72829
6.91,1,4.7232,2.72766
6.92,1,4.71285,2.72702
6.93,1,4.7025,2.72636
6.94,1,4.69214,2.72568
6.95,1,4.68176,2.72499
6.96,1,4.67138,2.72428
6.97,1,4.66098,2.72356
6.98,1,4.65057,2.72283
6.99,1,4.64016,2.72208
7,1,4.62973,2.72131
7.01,1,4.6193,2.72053
7.02,1,4.60885,2.71974
7.03,1,4.5984,2.71894
7.04,1,4.58794,2.71812
7.05,1,4.57746,2.71728
7.06,1,4.56698,2.71644
7.07,1,4.5565,2.71558
7.08,1,4.546,2.71471
7.09,1,4.53549,2.71383
7.1,1,4.52498,2.71294
7.11,1,4.51446,2.71203
7.12,1,4.50393,2.71111
7.13,1,4.4934,2.71019
7.14,1,4.48285,2.70925
7.15,1,4.4723,2.7083
7.16,1,4.46175,2.70734
7.17,1,4.45118,2.70637
7.18,1,4.44061,2.70538
7.19,1,4.43003,2.70439
7.2,1,4.41945,2.70339
7.21,1,4.40886,2.70238
7.22,1,4.39826,2.70136
7.23,1,4.38766,2.70033
7.24,1,4.37705,2.69929
7.25,1,4.36644,2.69824
7.26,1,4.35582,2.69719
7.27,1,4.3452,2.69612
7.28,1,4.33457,2.69505
7.29,1,4.32393,2.69396
7.3,1,4.31329,2.69287
7.31,1,4.30264,2.69177
7.32,1,4.29199,2.69066
7.33,1,4.28133,2.68955
7.34,1,4.27067,2.68843
7.35,1,4.26001,2.6873
7.36,1,4.24934,2.68616
7.37,1,4.23866,2.68501
7.38,1,4.22798,2.68386
7.39,1,4.2173,2.6827
7.4,1,4.20661,2.68154
7.41,1,4.19592,2.68036
7.42,1,4.18522,2.67918
7.43,1,4.17452,2.678
7.44,1,4.16382,2.6768
7.45,1,4.15311,2.6756
7.46,1,4.1424,2.6744
7.47,1,4.13168,2.67319
7.48,1,4.12096,2.67197
7.49,1,4.11024,2.67075
7.5,1,4.09952,2.66952
7.51,1,4.08879,2.66828
7.52,1,4.07805,2.66704
7.53,1,4.06732,2.6658
7.54,1,4.05658,2.66454
7.55,1,4.04584,2.66329
7.56,1,4.03509,2.66203
7.57,1,4.02434,2.66076
7.58,1,4.01359,2.65949
7.59,1,4.00284,2.65821
7.6,1,3.99208,2.65693
7.61,1,3.98132,2.65564
7.62,1,3.97056,2.65435
7.63,1,3.95979,2.65305
7.64,1,3.94903,2.65175
7.65,1,3.93826,2.65045
7.66,1,3.92748,2.64914
7.67,1,3.91671,2.64783
7.68,1,3.90593,2.64651
7.69,1,3.89515,2.64519
7.7,1,3.88437,2.64386
7.71,1,3.87359,2.64253
7.72,1,3.8628,2.6412
7.73,1,3.85201,2.63986
7.74,1,3.84122,2.63852
7.75,1,3.83043,2.63717
7.76,1,3.81963,2.63583
7.77,1,3.80884,2.63447
7.78,1,3.79804,2.63312
7.79,1,3.78724,2.63176
7.8,1,3.77643,2.6304
7.81,1,3.76563,2.62903
7.82,1,3.75482,2.62766
7.83,1,3.74402,2.62629
7.84,1,3.73321,2.62491
7.85,1,3.7224,2.62353
7.86,1,3.71158,2.62215
7.87,1,3.70077,2.62077
7.88,1,3.68995,2.61938
7.89,1,3.67914,2.61799
7.9,1,3.66832,2.61659
7.91,1,3.6575,2.6152
7.92,1,3.64667,2.6138
7.93,1,3.63585,2.6124
7.94,1,3.62503,2.61099
7.95,1,3.6142,2.60959
7.96,1,3.60337,2.60818
7.97,1,3.59254,2.60676
7.98,1,3.58171,2.60535
7.99,1,3.57088,2.60393
8,1,3.56005,2.60251
8.01,1,3.54922,2.60109
8.02,1,3.53838,2.59967
8.03,1,3.52755,2.59824
8.04,1,3.51671,2.59681
8.05,1,3.50587,2.59538
8.06,1,3.49503,2.59395
8.07,1,3.48419,2.59251
8.08,1,3.47335,2.59107
8.09,1,3.46251,2.58963
8.1,1,3.45167,2.58819
8.11,1,3.44082,2.58675
8.12,1,3.42998,2.5853
8.13,1,3.41913,2.58386
8.14,1,3.40828,2.58241
8.15,1,3.39744,2.58096
8.16,1,3.38659,2.5795
8.17,1,3.37574,2.57805
8.18,1,3.36489,2.57659
8.19,1,3.35404,2.57513
8.2,1,3.34318,2.57367
8.21,1,3.33233,2.57221
8.22,1,3.32148,2.57075
8.23,1,3.31062,2.56929
8.24,1,3.29977,2.56782
8.25,1,3.28891,2.56635
8.26,1,3.27806,2.56488
8.27,1,3.2672,2.56341
8.28,1,3.25634,2.56194
8.29,1,3.24548,2.56047
8.3,1,3.23462,2.55899
8.31,1,3.22376,2.55751
8.32,1,3.2129,2.55604
8.33,1,3.20204,2.55456
8.34,1,3.19118,2.55308
8.35,1,3.18032,2.55159
8.36,1,3.16945,2.55011
8.37,1,3.15859,2.54863
8.38,1,3.14773,2.54714
8.39,1,3.13686,2.54565
8.4,1,3.126,2.54416
8.41,1,3.11513,2.54268
8.42,1,3.10427,2.54118
8.43,1,3.0934,2.53969
8.44,1,3.08253,2.5382
8.45,1,3.07167,2.53671
8.46,1,3.0608,2.53521
8.47,1,3.04993,2.53371
8.48,1,3.03906,2.53222
8.49,1,3.02819,2.53072
8.5,1,3.01732,2.52922
8.51,1,3.00645,2.52772
8.52,1,2.99558,2.52622
8.53,1,2.98471,2.52472
8.54,1,2.97384,2.52321
8.55,1,2.96297,2.52171
8.56,1,2.9521,2.5202
8.57,1,2.94122,2.5187
8.58,1,2.93035,2.51719
8.59,1,2.91948,2.51568
8.6,1,2.9086,2.51418
8.61,1,2.89773,2.51267
8.62,1,2.88686,2.51116
8.63,1,2.87598,2.50965
8.64,1,2.86511,2.50813
8.65,1,2.85423,2.50662
8.66,1,2.84336,2.50511
8.67,1,2.83248,2.50359
8.68,1,2.82161,2.50208
8.69,1,2.81073,2.50056
8.7,1,2.79985,2.49905
8.71,1,2.78898,2.49753
8.72,1,2.7781,2.49601
8.73,1,2.76722,2.49449
8.74,1,2.75634,2.49297
8.75,1,2.74547,2.49145
8.76,1,2.73459,2.48993
8.77,1,2.72371,2.48841
8.78,1,2.71283,2.48689
8.79,1,2.70195,2.48537
8.8,1,2.69107,2.48385
8.81,1,2.68019,2.48232
8.82,1,2.66932,2.4808
8.83,1,2.65844,2.47927
8.84,1,2.64756,2.47775
8.85,1,2.63668,2.47622
8.86,1,2.6258,2.4747
8.87,1,2.61492,2.47317
8.88,1,2.60404,2.47164
8.89,1,2.59315,2.47011
8.9,1,2.58227,2.46858
8.91,1,2.57139,2.46706
8.92,1,2.56051,2.46553
8.93,1,2.54963,2.464
8.94,1,2.53875,2.46246
8.95,1,2.52787,2.46093
8.96,1,2.51698,2.4594
8.97,1,2.5061,2.45787
8.98,1,2.49522,2.45634
8.99,1,2.48434,2.4548
9,1,2.47346,2.45327
9.01,1,2.46257,2.45174
9.02,1,2.45169,2.4502
9.03,1,2.44081,2.44867
9.04,1,2.42992,2.44713
9.05,1,2.41904,2.4456
9.06,1,2.40816,2.44406
9.07,1,2.39727,2.44253
9.08,1,2.38639,2.44099
9.09,1,2.37551,2.43945
9.1,1,2.36462,2.43791
9.11,1,2.35374,2.43638
9.12,1,2.34286,2.43484
9.13,1,2.33197,2.4333
9.14,1,2.32109,2.43176
9.15,1,2.3102,2.43022
9.16,1,2.29932,2.42868
9.17,1,2.28843,2.42714
9.18,1,2.27755,2.4256
9.19,1,2.26667,2.42406
9.2,1,2.25578,2.42252
9.21,1,2.2449,2.42098
9.22,1,2.23401,2.41944
9.23,1,2.22313,2.4179
9.24,1,2.21224,2.41635
9.25,1,2.20136,2.41481
9.26,1,2.19047,2.41327
9.27,1,2.17959,2.41172
9.28,1,2.1687,2.41018
9.29,1,2.15781,2.40864
9.3,1,2.14693,2.40709
9.31,1,2.13604,2.40555
9.32,1,2.12516,2.404
9.33,1,2.11427,2.40246
9.34,1,2.10339,2.40092
9.35,1,2.0925,2.39937
9.36,1,2.08161,2.39782
9.37,1,2.07073,2.39628
9.38,1,2.05984,2.39473
9.39,1,2.04896,2.39319
9.4,1,2.03807,2.39164
9.41,1,2.02718,2.39009
9.42,1,2.0163,2.38855
9.43,1,2.00541,2.387
9.44,1,1.99452,2.38545
9.45,1,1.98364,2.3839
9.46,1,1.97275,2.38236
9.47,1,1.96186,2.38081
9.48,1,1.95098,2.37926
9.49,1,1.94009,2.37771
9.5,1,1.9292,2.37616
9.51,1,1.91832,2.37461
9.52,1,1.90743,2.37306
9.53,1,1.89654,2.37152
9.54,1,1.88566,2.36997
9.55,1,1.87477,2.36842
9.56,1,1.86388,2.36687
9.57,1,1.853,2.36532
9.58,1,1.84211,2.36377
9.59,1,1.83122,2.36222
9.6,1,1.82033,2.36067
9.61,1,1.80945,2.35911
9.62,1,1.79856,2.35756
9.63,1,1.78767,2.35601
9.64,1,1.77679,2.35446
9.65,1,1.7659,2.35291
9.66,1,1.75501,2.35136
9.67,1,1.74412,2.34981
9.68,1,1.73324,2.34826
9.69,1,1.72235,2.3467
9.7,1,1.71146,2.34515
9.71,1,1.70057,2.3436
9.72,1,1.68969,2.34205
9.73,1,1.6788,2.34049
9.74,1,1.66791,2.33894
9.75,1,1.65702,2.33739
9.76,1,1.64614,2.33583
9.77,1,1.63525,2.33428
9.78,1,1.62436,2.33273
9.79,1,1.61347,2.33117
9.8,1,1.60258,2.32962
9.81,1,1.5917,2.32807
9.82,1,1.58081,2.32651
9.83,1,1.56992,2.32496
9.84,1,1.55903,2.32341
9.85,1,1.54815,2.32185
9.86,1,1.53726,2.3203
9.87,1,1.52637,2.31874
9.88,1,1.51548,2.31719
9.89,1,1.50459,2.31563
9.9,1,1.49371,2.31408
9.91,1,1.48282,2.31252
9.92,1,1.47193,2.31097
9.93,1,1.46104,2.30941
9.94,1,1.45015,2.30786
9.95,1,1.43927,2.3063
9.96,1,1.42838,2.30475
9.97,1,1.41749,2.30319
9.98,1,1.4066,2.30164
9.99,1,1.39571,2.30008
10,1,1.38483,2.29852
10.01,1,1.37394,2.29697
10.02,1,1.36305,2.29541
10.03,1,1.35216,2.29386
10.04,1,1.34127,2.2923
10.05,1,1.33039,2.29074
10.06,1,1.3195,2.28919
10.07,1,1.30861,2.28763
10.08,1,1.29772,2.28607
10.09,1,1.28683,2.28452
10.1,1,1.27595,2.28296
10.11,1,1.26506,2.2814
10.12,1,1.25417,2.27984
10.13,1,1.24328,2.27829
10.14,1,1.23239,2.27673
10.15,1,1.2215,2.27517
10.16,1,1.21062,2.27362
10.17,1,1.19973,2.27206
10.18,1,1.18884,2.2705
10.19,1,1.17795,2.26894
10.2,1,1.16706,2.26739
10.21,1,1.15617,2.26583
10.22,1,1.14529,2.26427
10.23,1,1.1344,2.26271
10.24,1,1.12351,2.26115
10.25,1,1.11262,2.2596
10.26,1,1.10173,2.25804
10.27,1,1.09085,2.25648
10.28,1,1.07996,2.25492
10.29,1,1.06907,2.25336
10.3,1,1.05818,2.2518
10.31,1,1.04729,2.25025
10.32,1,1.0364,2.24869
10.33,1,1.02552,2.24713
10.34,1,1.01463,2.24557
10.35,1,1.00374,2.24401
10.36,1,0.99285,2.24245
10.37,1,0.981962,2.24089
10.38,1,0.971074,2.23933
10.39,1,0.960185,2.23777
10.4,1,0.949297,2.23622
10.41,1,0.938409,2.23466
10.42,1,0.92752,2.2331
10.43,1,0.916632,2.23154
10.44,1,0.905744,2.22998
10.45,1,0.894855,2.22842
10.46,1,0.883967,2.22686
10.47,1,0.873079,2.2253
10.48,1,0.86219,2.22374
10.49,1,0.851302,2.22218
10.5,1,0.840414,2.22062
10.51,1,0.829525,2.21906
10.52,1,0.818637,2.2175
10.53,1,0.807749,2.21594
10.54,1,0.79686,2.21438
10.55,1,0.785972,2.21282
10.56,1,0.775083,2.21126
10.57,1,0.764195,2.2097
10.58,1,0.753307,2.20814
10.59,1,0.742418,2.20658
10.6,1,0.73153,2.20502
10.61,1,0.720642,2.20346
10.62,1,0.709753,2.2019
10.63,1,0.698865,2.20034
10.64,1,0.687976,2.19878
10.65,1,0.677088,2.19722
10.66,1,0.6662,2.19566
10.67,1,0.655311,2.1941
10.68,1,0.644423,2.19253
10.69,1,0.633535,2.19097
10.7,1,0.622646,2.18941
10.71,1,0.611758,2.18785
10.72,1,0.60087,2.18629
10.73,1,0.589981,2.18473
10.74,1,0.579093,2.18317
10.75,1,0.568204,2.18161
10.76,1,0.557316,2.18005
10.77,1,0.546428,2.17848
10.78,1,0.535539,2.17692
10.79,1,0.524651,2.17536
10.8,1,0.513763,2.1738
10.81,1,0.502874,2.17224
10.82,1,0.491986,2.17068
10.83,1,0.481098,2.16912
10.84,1,0.470209,2.16755
10.85,1,0.459321,2.16599
10.86,1,0.448433,2.16443
10.87,1,0.437544,2.16287
10.88,1,0.426656,2.16131
10.89,1,0.415768,2.15975
10.9,1,0.404879,2.15818
10.91,1,0.393991,2.15662
10.92,1,0.383103,2.15506
10.93,1,0.372214,2.1535
10.94,1,0.361326,2.15194
10.95,1,0.350438,2.15037
10.96,1,0.33955,2.14881
10.97,1,0.328661,2.14725
10.98,1,0.317773,2.14569
10.99,1,0.306885,2.14412
11,1,0.295996,2.14256
11.01,1,0.285108,2.141
11.02,1,0.27422,2.13944
11.03,1,0.263332,2.13787
11.04,1,0.252443,2.13631
11.05,1,0.241555,2.13475
11.06,1,0.230667,2.13318
11.07,1,0.219779,2.13162
11.08,1,0.20889,2.13006
11.09,1,0.198002,2.1285
11.1,1,0.187114,2.12693
11.11,1,0.176226,2.12537
11.12,1,0.165338,2.12381
11.13,1,0.154449,2.12224
11.14,1,0.143561,2.12068
11.15,1,0.132673,2.11911
11.16,1,0.121785,2.11755
11.17,1,0.110897,2.11599
11.18,1,0.100009,2.11442
11.19,1,0.0891205,2.11286
11.2,1,0.0782324,2.11129
11.21,1,0.0673443,2.10973
11.22,1,0.0564563,2.10817
11.23,1,0.0455683,2.1066
11.24,1,0.0346803,2.10504
11.25,1,0.0237923,2.10347
11.26,1,0.0129044,2.10191
11.27,1,0.00201666,2.10034
11.28,1,-0.00887032,2.09877
11.29,1,-0.0193217,2.09726
11.3,1,-0.0293461,2.09581
11.31,1,-0.0389524,2.09442
11.32,1,-0.0481487,2.09309
11.33,1,-0.0569433,2.09182
11.34,1,-0.0653443,2.0906
11.35,1,-0.0733594,2.08944
11.36,1,-0.0809966,2.08834
11.37,1,-0.0882632,2.08729
11.38,1,-0.0951667,2.08629
11.39,1,-0.101714,2.08534
11.4,1,-0.107913,2.08444
11.41,1,-0.113771,2.08359
11.42,1,-0.119293,2.08279
11.43,1,-0.124487,2.08204
11.44,1,-0.12936,2.08134
11.45,1,-0.133917,2.08068
11.46,1,-0.138166,2.08006
11.47,1,-0.142112,2.07949
11.48,1,-0.145761,2.07896
11.49,1,-0.149119,2.07847
11.5,1,-0.152192,2.07803
11.51,1,-0.154987,2.07762
11.52,1,-0.157507,2.07725
11.53,1,-0.15976,2.07693
11.54,1,-0.16175,2.07664
11.55,1,-0.163482,2.07639
11.56,1,-0.164961,2.07617
11.57,1,-0.166194,2.07599
11.58,1,-0.167184,2.07585
11.59,1,-0.167936,2.07573
11.6,1,-0.168456,2.07566
11.61,1,-0.168748,2.07561
11.62,1,-0.168816,2.0756
11.63,1,-0.168665,2.07562
11.64,1,-0.168299,2.07567
11.65,1,-0.167723,2.07576
11.66,1,-0.16694,2.07587
11.67,1,-0.165956,2.07601
11.68,1,-0.164773,2.07618
11.69,1,-0.163397,2.07638
11.7,1,-0.16183,2.0766
11.71,1,-0.160076,2.07685
11.72,1,-0.15814,2.07713
11.73,1,-0.156026,2.07744
11.74,1,-0.153735,2.07777
11.75,1,-0.151273,2.07812
11.76,1,-0.148642,2.0785
11.77,1,-0.145846,2.0789
11.78,1,-0.142888,2.07933
11.79,1,-0.139772,2.07978
11.8,1,-0.1365,2.08025
11.81,1,-0.133076,2.08075
11.82,1,-0.129503,2.08126
11.83,1,-0.125784,2.0818
11.84,1,-0.121921,2.08236
11.85,1,-0.117917,2.08293
11.86,1,-0.113776,2.08353
11.87,1,-0.1095,2.08415
11.88,1,-0.105092,2.08479
11.89,1,-0.100555,2.08544
11.9,1,-0.0958899,2.08612
11.91,1,-0.0911008,2.08681
11.92,1,-0.0861897,2.08752
11.93,1,-0.0811592,2.08824
11.94,1,-0.0760115,2.08899
11.95,1,-0.070749,2.08975
11.96,1,-0.0653741,2.09053
11.97,1,-0.0598889,2.09132
11.98,1,-0.0542957,2.09213
11.99,1,-0.0485967,2.09295
12,1,-0.0427939,2.09379
12.01,1,-0.0368895,2.09464
12.02,1,-0.0308854,2.09551
12.03,1,-0.0247837,2.0964
12.04,1,-0.0185863,2.09729
12.05,1,-0.0122951,2.0982
12.06,1,-0.00591213,2.09913
12.07,1,0.000560857,2.10007
12.08,1,0.00668585,2.10096
12.09,1,0.0124706,2.1018
12.1,1,0.0179219,2.1026
12.11,1,0.0230464,2.10335
12.12,1,0.0278508,2.10405
12.13,1,0.0323413,2.10471
12.14,1,0.0365243,2.10532
12.15,1,0.040406,2.10589
12.16,1,0.0439923,2.10641
12.17,1,0.0472892,2.10689
12.18,1,0.0503025,2.10733
12.19,1,0.0530378,2.10773
12.2,1,0.0555007,2.10809
12.21,1,0.0576966,2.10842
12.22,1,0.0596309,2.1087
12.23,1,0.0613089,2.10895
12.24,1,0.0627356,2.10916
12.25,1,0.063916,2.10933
12.26,1,0.0648552,2.10947
12.27,1,0.0655579,2.10957
12.28,1,0.0660288,2.10964
12.29,1,0.0662726,2.10968
12.3,1,0.0662939,2.10968
12.31,1,0.066097,2.10965
12.32,1,0.0656864,2.10959
12.33,1,0.0650663,2.1095
12.34,1,0.0642409,2.10939
12.35,1,0.0632144,2.10924
12.36,1,0.0619907,2.10906
12.37,1,0.0605737,2.10885
12.38,1,0.0589675,2.10862
12.39,1,0.0571756,2.10836
12.4,1,0.0552019,2.10807
12.41,1,0.05305,2.10776
12.42,1,0.0507235,2.10742
12.43,1,0.0482258,2.10705
12.44,1,0.0455603,2.10666
12.45,1,0.0427305,2.10625
12.46,1,0.0397396,2.10581
12.47,1,0.0365909,2.10536
12.48,1,0.0332874,2.10487
12.49,1,0.0298323,2.10437
12.5,1,0.0262287,2.10384
12.51,1,0.0224794,2.10329
12.52,1,0.0185875,2.10273
12.53,1,0.0145557,2.10214
12.54,1,0.0103869,2.10153
12.55,1,0.00608378,2.1009
12.56,1,0.00164911,2.10025
12.57,1,-0.00291438,2.09958
12.58,1,-0.00716884,2.09896
12.59,1,-0.0111205,2.09838
12.6,1,-0.0147754,2.09784
12.61,1,-0.0181396,2.09735
12.62,1,-0.0212187,2.09689
12.63,1,-0.0240187,2.09648
12.64,1,-0.0265449,2.09611
12.65,1,-0.0288029,2.09578
12.66,1,-0.0307981,2.09549
12.67,1,-0.0325357,2.09523
12.68,1,-0.0340209,2.09501
12.69,1,-0.0352587,2.09483
12.7,1,-0.0362541,2.09468
12.71,1,-0.0370119,2.09457
12.72,1,-0.0375369,2.09449
12.73,1,-0.0378337,2.09445
12.74,1,-0.0379069,2.09444
12.75,1,-0.037761,2.09446
12.76,1,-0.0374003,2.09451
12.77,1,-0.0368292,2.09459
12.78,1,-0.0360518,2.09471
12.79,1,-0.0350723,2.09485
12.8,1,-0.0338947,2.09502
12.81,1,-0.032523,2.09522
12.82,1,-0.0309611,2.09545
12.83,1,-0.0292127,2.09571
12.84,1,-0.0272817,2.09599
12.85,1,-0.0251716,2.0963
12.86,1,-0.0228861,2.09664
12.87,1,-0.0204286,2.097
12.88,1,-0.0178026,2.09738
12.89,1,-0.0150114,2.09779
12.9,1,-0.0120584,2.09822
12.91,1,-0.00894686,2.09868
12.92,1,-0.00567988,2.09916
12.93,1,-0.0022606,2.09966
12.94,1,0.00130788,2.10019
12.95,1,0.00458721,2.10067
12.96,1,0.00758327,2.10111
12.97,1,0.0103017,2.10151
12.98,1,0.0127482,2.10187
12.99,1,0.014928,2.1022
13,1,0.0168466,2.10248
13.01,1,0.0185091,2.10272
13.02,1,0.0199208,2.10293
13.03,1,0.0210865,2.1031
13.04,1,0.0220113,2.10324
13.05,1,0.0227,2.10334
13.06,1,0.0231572,2.10341
13.07,1,0.0233876,2.10345
13.08,1,0.0233958,2.10345
13.09,1,0.0231861,2.10342
13.1,1,0.022763,2.10336
13.11,1,0.0221307,2.10326
13.12,1,0.0212934,2.10314
13.13,1,0.0202552,2.10299
13.14,1,0.0190202,2.10281
13.15,1,0.0175922,2.1026
13.16,1,0.0159751,2.10236
13.17,1,0.0141727,2.10209
13.18,1,0.0121887,2.1018
13.19,1,0.0100267,2.10148
13.2,1,0.00769038,2.10114
13.21,1,0.00518313,2.10077
13.22,1,0.0025084,2.10037
13.23,1,-0.000330426,2.09995
13.24,1,-0.00289451,2.09957
13.25,1,-0.00518966,2.09923
13.26,1,-0.00722127,2.09893
13.27,1,-0.00899462,2.09867
13.28,1,-0.0105149,2.09844
13.29,1,-0.0117871,2.09825
13.3,1,-0.0128163,2.0981
13.31,1,-0.0136073,2.09798
13.32,1,-0.0141648,2.0979
13.33,1,-0.0144936,2.09785
13.34,1,-0.0145982,2.09783
13.35,1,-0.0144831,2.09785
13.36,1,-0.0141526,2.0979
13.37,1,-0.0136112,2.09798
13.38,1,-0.012863,2.09809
13.39,1,-0.0119122,2.09823
13.4,1,-0.0107628,2.0984
13.41,1,-0.00941874,2.0986
13.42,1,-0.00788398,2.09883
13.43,1,-0.00616233,2.09908
13.44,1,-0.00425751,2.09936
13.45,1,-0.0021732,2.09967
13.46,1,8.69781e-05,2.10001
13.47,1,0.00208344,2.10031
13.48,1,0.00382243,2.10058
13.49,1,0.00530913,2.10081
13.5,1,0.00654859,2.101
13.51,1,0.00754577,2.10115
13.52,1,0.0083055,2.10126
13.53,1,0.00883255,2.10135
13.54,1,0.00913156,2.10139
13.55,1,0.00920711,2.1014
13.56,1,0.00906366,2.10138
13.57,1,0.00870559,2.10133
13.58,1,0.00813721,2.10124
13.59,1,0.00736271,2.10112
13.6,1,0.00638623,2.10098
13.61,1,0.0052118,2.1008
13.62,1,0.00384339,2.10059
13.63,1,0.00228488,2.10035
13.64,1,0.000540106,2.10008
13.65,1,-0.0013871,2.09979
13.66,1,-0.00305826,2.09953
13.67,1,-0.0044785,2.09932
13.68,1,-0.00565286,2.09914
13.69,1,-0.00658627,2.09899
13.7,1,-0.00728355,2.09888
13.71,1,-0.00774941,2.09881
13.72,1,-0.0079885,2.09878
13.73,1,-0.00800535,2.09877
13.74,1,-0.0078044,2.0988
13.75,1,-0.00739002,2.09887
13.76,1,-0.00676647,2.09896
13.77,1,-0.00593795,2.09909
13.78,1,-0.00490854,2.09925
13.79,1,-0.00368228,2.09943
13.8,1,-0.00226311,2.09965
13.81,1,-0.00065489,2.0999
13.82,1,0.00113852,2.10017
13.83,1,0.00267857,2.10041
13.84,1,0.00397036,2.10061
13.85,1,0.00501886,2.10077
13.86,1,0.00582895,2.1009
13.87,1,0.0064054,2.10099
13.88,1,0.00675287,2.10104
13.89,1,0.00687596,2.10106
13.9,1,0.00677915,2.10104
13.91,1,0.00646685,2.101
13.92,1,0.00594335,2.10092
13.93,1,0.0052129,2.1008
13.94,1,0.00427963,2.10066
13.95,1,0.0031476,2.10049
13.96,1,0.00182079,2.10028
13.97,1,0.000303119,2.10005
13.98,1,-0.00140147,2.09978
13.99,1,-0.00285453,2.09956
14,1,-0.0040611,2.09937
14.01,1,-0.00502613,2.09922
14.02,1,-0.00575444,2.09911
14.03,1,-0.00625077,2.09903
14.04,1,-0.00651976,2.09899
14.05,1,-0.00656597,2.09898
14.06,1,-0.00639384,2.09901
14.07,1,-0.00600775,2.09907
14.08,1,-0.00541198,2.09916
14.09,1,-0.00461072,2.09928
14.1,1,-0.00360808,2.09944
14.11,1,-0.0024081,2.09963
14.12,1,-0.00101473,2.09984
14.13,1,0.000568136,2.10009
14.14,1,0.00190189,2.10029
14.15,1,0.00299155,2.10046
14.16,1,0.00384202,2.1006
14.17,1,0.00445808,2.10069
14.18,1,0.00484442,2.10075
14.19,1,0.00500564,2.10078
14.2,1,0.00494625,2.10077
14.21,1,0.00467065,2.10073
14.22,1,0.00418318,2.10065
14.23,1,0.00348807,2.10054
14.24,1,0.00258949,2.1004
14.25,1,0.00149149,2.10023
14.26,1,0.000198089,2.10003
14.27,1,-0.00128667,2.0998
14.28,1,-0.00252435,2.09961
14.29,1,-0.0035199,2.09945
14.3,1,-0.00427817,2.09933
14.31,1,-0.0048039,2.09925
14.32,1,-0.00510176,2.0992
14.33,1,-0.0051763,2.09919
14.34,1,-0.00503198,2.09921
14.35,1,-0.00467319,2.09927
14.36,1,-0.00410422,2.09936
14.37,1,-0.00332927,2.09948
14.38,1,-0.00235246,2.09963
14.39,1,-0.00117784,2.09982
14.4,1,0.00019063,2.10003
14.41,1,0.00131425,2.10021
14.42,1,0.00219804,2.10034
14.43,1,0.00284682,2.10045
14.44,1,0.00326527,2.10051
14.45,1,0.00345802,2.10054
14.46,1,0.00342958,2.10054
14.47,1,0.00318437,2.1005
14.48,1,0.00272674,2.10043
14.49,1,0.00206093,2.10032
14.5,1,0.00119111,2.10019
14.51,1,0.000121381,2.10002
14.52,1,-0.00114409,2.09982
14.53,1,-0.00216694,2.09966
14.54,1,-0.00295202,2.09953
14.55,1,-0.0035041,2.09945
14.56,1,-0.00382783,2.09939
14.57,1,-0.0039278,2.09938
14.58,1,-0.00380847,2.0994
14.59,1,-0.00347423,2.09945
14.6,1,-0.00292938,2.09954
14.61,1,-0.00217813,2.09965
14.62,1,-0.00122462,2.09981
14.63,1,-7.29032e-05,2.09999
14.64,1,0.00127283,2.1002
14.65,1,0.00237439,2.10038
14.66,1,0.00323665,2.10052
14.67,1,0.00386441,2.10062
14.68,1,0.00426235,2.10068
14.69,1,0.00443508,2.10071
14.7,1,0.0043871,2.1007
14.71,1,0.00412282,2.10066
14.72,1,0.00364658,2.10058
14.73,1,0.00296261,2.10047
14.74,1,0.00207506,2.10033
14.75,1,0.00098802,2.10016
14.76,1,-0.000294522,2.09995
14.77,1,-0.00133412,2.09979
14.78,1,-0.00213567,2.09966
14.79,1,-0.00270394,2.09957
14.8,1,-0.0030436,2.09951
14.81,1,-0.00315921,2.0995
14.82,1,-0.00305527,2.09951
14.83,1,-0.00273617,2.09956
14.84,1,-0.0022062,2.09965
14.85,1,-0.0014696,2.09976
14.86,1,-0.000530491,2.09991
14.87,1,0.000607054,2.1001
14.88,1,0.00150459,2.10024
14.89,1,0.00216693,2.10035
14.9,1,0.00259878,2.10042
14.91,1,0.00280476,2.10045
14.92,1,0.00278938,2.10045
14.93,1,0.00255708,2.10041
14.94,1,0.00211218,2.10034
14.95,1,0.00145895,2.10023
14.96,1,0.000601559,2.1001
14.97,1,-0.000455903,2.09993
14.98,1,-0.00127496,2.0998
14.99,1,-0.0018604,2.0997
15,1,-0.0022169,2.09964
15.01,1,-0.00234904,2.09962
15.02,1,-0.00226131,2.09964
15.03,1,-0.00195811,2.09969
15.04,1,-0.00144374,2.09977
15.05,1,-0.000722443,2.09988
15.06,1,0.000201644,2.10003
15.07,1,0.000889978,2.10014
15.08,1,0.00134732,2.10022
15.09,1,0.0015783,2.10025
15.1,1,0.00158744,2.10026
15.11,1,0.00137919,2.10022
15.12,1,0.00095789,2.10015
15.13,1,0.000327818,2.10005
15.14,1,-0.000506832,2.09992
15.15,1,-0.00110757,2.09982
15.16,1,-0.00147908,2.09976
15.17,1,-0.00162595,2.09974
15.18,1,-0.00155268,2.09975
15.19,1,-0.00126368,2.0998
15.2,1,-0.000763264,2.09988
15.21,1,-5.56641e-05,2.09999
15.22,1,0.000854824,2.10014
15.23,1,0.00152993,2.10025
15.24,1,0.00197437,2.10032
15.25,1,0.00219275,2.10036
15.26,1,0.00218961,2.10036
15.27,1,0.00196936,2.10032
15.28,1,0.00153635,2.10025
15.29,1,0.000894852,2.10015
15.3,1,4.90237e-05,2.10001
15.31,1,-0.000996922,2.09984
15.32,1,-0.00180481,2.09971
15.33,1,-0.0023794,2.09961
15.34,1,-0.00272536,2.09956
15.35,1,-0.00284727,2.09954
15.36,1,-0.0027496,2.09955
15.37,1,-0.00243675,2.0996
15.38,1,-0.00191302,2.09969
15.39,1,-0.00118263,2.09981
15.4,1,-0.000249723,2.09996
15.41,1,0.000881646,2.10014
15.42,1,0.00177325,2.10029
15.43,1,0.00242989,2.1004
15.44,1,0.00285627,2.10047
15.45,1,0.00305698,2.1005
15.46,1,0.00303655,2.1005
15.47,1,0.0027994,2.10046
15.48,1,0.00234986,2.10038
15.49,1,0.00169218,2.10028
15.5,1,0.00083052,2.10014
15.51,1,-0.000231029,2.09996
15.52,1,-0.0010542,2.09983
15.53,1,-0.00164378,2.09973
15.54,1,-0.00200444,2.09967
15.55,1,-0.00214076,2.09965
15.56,1,-0.00205722,2.09966
15.57,1,-0.00175823,2.09971
15.58,1,-0.0012481,2.0998
15.59,1,-0.000531036,2.09991
15.6,1,0.000388801,2.10006
15.61,1,0.00107311,2.10018
15.62,1,0.0015266,2.10025
15.63,1,0.0017539,2.10029
15.64,1,0.00175953,2.10029
15.65,1,0.00154792,2.10025
15.66,1,0.00112342,2.10018
15.67,1,0.000490293,2.10008
15.68,1,-0.00034729,2.09994
15.69,1,-0.00095099,2.09984
15.7,1,-0.00132549,2.09978
15.71,1,-0.00147538,2.09976
15.72,1,-0.00140516,2.09977
15.73,1,-0.00111921,2.09982
15.74,1,-0.000621873,2.0999
15.75,1,8.26359e-05,2.10001
15.76,1,0.000555899,2.10009
15.77,1,0.000802585,2.10013
15.78,1,0.000827232,2.10014
15.79,1,0.000634283,2.1001
15.8,1,0.000228093,2.10004
15.81,1,-0.000387059,2.09994
15.82,1,-0.000772801,2.09987
15.83,1,-0.000933726,2.09985
15.84,1,-0.000874334,2.09986
15.85,1,-0.000599034,2.0999
15.86,1,-0.000112146,2.09998
15.87,1,0.000582072,2.1001
15.88,1,0.00104531,2.10017
15.89,1,0.0012822,2.10021
15.9,1,0.00129725,2.10021
15.91,1,0.00109492,2.10018
15.92,1,0.000679548,2.10011
15.93,1,5.53966e-05,2.10001
15.94,1,-0.000773318,2.09987
15.95,1,-0.00136838,2.09977
15.96,1,-0.00173446,2.09971
15.97,1,-0.00187614,2.09969
15.98,1,-0.00179791,2.0997
15.99,1,-0.00150416,2.09975
16,1,-0.000999219,2.09984
16.01,1,-0.000287296,2.09995
16.02,1,0.000627459,2.1001
16.03,1,0.00130684,2.10022
16.04,1,0.00175556,2.10029
16.05,1,0.00197822,2.10033
16.06,1,0.00197936,2.10033
16.07,1,0.0017634,2.10029
16.08,1,0.00133468,2.10022
16.09,1,0.000697465,2.10011
16.1,1,-0.000144082,2.09998
16.11,1,-0.000751715,2.09988
16.12,1,-0.00113012,2.09981
16.13,1,-0.00128388,2.09979
16.14,1,-0.0012175,2.0998
16.15,1,-0.000935368,2.09985
16.16,1,-0.00044181,2.09993
16.17,1,0.000258946,2.10004
16.18,1,0.00072861,2.10012
16.19,1,0.000971809,2.10016
16.2,1,0.000993072,2.10016
16.21,1,0.00079684,2.10013
16.22,1,0.000387463,2.10006
16.23,1,-0.000230793,2.09996
16.24,1,-0.000619608,2.0999
16.25,1,-0.000783577,2.09987
16.26,1,-0.000727198,2.09988
16.27,1,-0.000454879,2.09992
16.28,1,2.90576e-05,2.1
16.29,1,0.000286195,2.10005
16.3,1,0.000321157,2.10005
16.31,1,0.000138393,2.10002
16.32,1,-0.000257725,2.09996
16.33,1,-0.000428892,2.09993
16.34,1,-0.000379612,2.09994
16.35,1,-0.000114298,2.09998
16.36,1,0.000362713,2.10006
16.37,1,0.000613165,2.1001
16.38,1,0.00064159,2.10011
16.39,1,0.000452432,2.10008
16.4,1,5.00447e-05,2.10001
16.41,1,-0.000561283,2.09991
16.42,1,-0.000943376,2.09984
16.43,1,-0.00110082,2.09982
16.44,1,-0.00103811,2.09983
16.45,1,-0.000759648,2.09987
16.46,1,-0.00026975,2.09996
16.47,1,0.000427352,2.10007
16.48,1,0.000893505,2.10015
16.49,1,0.00113333,2.10019
16.5,1,0.00115135,2.10019
16.51,1,0.00095201,2.10016
16.52,1,0.000539651,2.10009
16.53,1,-8.1465e-05,2.09999
16.54,1,-0.000473145,2.09992
16.55,1,-0.000639989,2.09989
16.56,1,-0.000586495,2.0999
16.57,1,-0.000317072,2.09995
16.58,1,0.00016396,2.10003
16.59,1,0.000418367,2.10007
16.6,1,0.000450686,2.10008
16.61,1,0.000265361,2.10004
16.62,1,-0.000133252,2.09998
16.63,1,-0.000306887,2.09995
16.64,1,-0.000260054,2.09996
16.65,1,2.83321e-06,2.1
16.66,1,4.30098e-05,2.10001
16.67,1,-0.000131825,2.09997
16.68,1,-8.88742e-05,2.09998
16.69,1,0.000167467,2.10004
16.7,1,0.000204402,2.10005
16.71,1,2.63316e-05,2.10001
16.72,1,-0.000362366,2.09992
16.73,1,-0.000529057,2.09988
16.74,1,-0.000478186,2.09989
16.75,1,-0.000214103,2.09995
16.76,1,0.000258922,2.10006
16.77,1,0.000508255,2.10012
16.78,1,0.000538374,2.10013
16.79,1,0.000353663,2.10008
16.8,1,-4.15789e-05,2.09999
16.81,1,-0.000214667,2.09995
16.82,1,-0.000170083,2.09996
16.83,1,8.78109e-05,2.10002
16.84,1,0.000126323,2.10003
16.85,1,-5.01284e-05,2.09999
16.86,1,-8.80699e-06,2.1
16.87,1,0.000245209,2.10006
16.88,1,0.000280476,2.10007
16.89,1,0.000101373,2.10002
16.9,1,-0.000287801,2.09993
16.91,1,-0.000455529,2.09989
16.92,1,-0.000406239,2.0999
16.93,1,-0.000144276,2.09996
16.94,1,0.000326104,2.10008
16.95,1,0.000573414,2.10014
16.96,1,0.000602119,2.10015
16.97,1,0.000416591,2.1001
16.98,1,2.11152e-05,2.10001
16.99,1,-0.00058008,2.09986
17,1,-0.000955602,2.09977
17.01,1,-0.00110996,2.09973
17.02,1,-0.00104759,2.09974
17.03,1,-0.000772816,2.09981
17.04,1,-0.000289889,2.09993
17.05,1,0.000397027,2.1001
17.06,1,0.000856555,2.10021
17.07,1,0.00109324,2.10027
17.08,1,0.00111155,2.10027
17.09,1,0.000915845,2.10022
17.1,1,0.000510404,2.10013
17.11,1,-0.000100575,2.09998
17.12,1,-0.000485683,2.09988
17.13,1,-0.000649442,2.09984
17.14,1,-0.000596279,2.09985
17.15,1,-0.000330533,2.09992
17.16,1,0.000143543,2.10004
17.17,1,0.000394489,2.1001
17.18,1,0.00042677,2.1001
17.19,1,0.00024476,2.10006
17.2,1,-0.000147253,2.09996
17.21,1,-0.000317778,2.09992
17.22,1,-0.000271247,2.09993
17.23,1,-1.20049e-05,2.1
17.24,1,0.000455648,2.10011
17.25,1,0.000700325,2.10017
17.26,1,0.000726486,2.10018
17.27,1,0.000538501,2.10013
17.28,1,0.000140654,2.10003
17.29,1,-0.000462856,2.09989
17.3,1,-0.000840674,2.09979
17.31,1,-0.000997313,2.09975
17.32,1,-0.000937198,2.09977
17.33,1,-0.000664664,2.09984
17.34,1,-0.000183959,2.09995
17.35,1,0.000500752,2.10012
17.36,1,0.000958147,2.10024
17.37,1,0.00119277,2.10029
17.38,1,0.00120908,2.1003
17.39,1,0.00101145,2.10025
17.4,1,0.000604146,2.10015
17.41,1,-8.633e-06,2.1
17.42,1,-0.000395515,2.0999
17.43,1,-0.000561048,2.09986
17.44,1,-0.00050966,2.09987
17.45,1,-0.00024569,2.09994
17.46,1,0.000226609,2.10006
17.47,1,0.000475852,2.10012
17.48,1,0.0005065,2.10012
17.49,1,0.000322925,2.10008
17.5,1,-7.0587e-05,2.09998
17.51,1,-0.000242616,2.09994
17.52,1,-0.000197597,2.09995
17.53,1,6.01285e-05,2.10001
17.54,1,9.90859e-05,2.10002
17.55,1,-7.63351e-05,2.09998
17.56,1,-3.46377e-05,2.09999
17.57,1,0.000219806,2.10005
17.58,1,0.00025557,2.10006
17.59,1,7.70304e-05,2.10002
17.6,1,-0.000311524,2.09992
17.61,1,-0.000478718,2.09988
17.62,1,-0.000428982,2.09989
17.63,1,-0.000166653,2.09996
17.64,1,0.000304016,2.10008
17.65,1,0.000551684,2.10014
17.66,1,0.000580812,2.10014
17.67,1,0.000395769,2.1001
17.68,1,8.41188e-07,2.1
17.69,1,-0.000599587,2.09985
17.7,1,-0.000974486,2.09976
17.71,1,-0.00112837,2.09972
17.72,1,-0.00106565,2.09974
17.73,1,-0.000790666,2.0998
17.74,1,-0.000307662,2.09992
17.75,1,0.000379202,2.10009
17.76,1,0.000838809,2.10021
17.77,1,0.0010757,2.10027
17.78,1,0.00109434,2.10027
17.79,1,0.000899081,2.10022
17.8,1,0.000494208,2.10012
17.81,1,-0.000116087,2.09997
17.82,1,-0.000500655,2.09988
17.83,1,-0.000664012,2.09984
17.84,1,-0.000610582,2.09985
17.85,1,-0.0003447,2.09991
17.86,1,0.000129384,2.10003
17.87,1,0.000380465,2.10009
17.88,1,0.000413005,2.1001
17.89,1,0.000231374,2.10006
17.9,1,-0.000160142,2.09996
17.91,1,-0.000330309,2.09992
17.92,1,-0.000283552,2.09993
17.93,1,-2.42122e-05,2.09999
17.94,1,0.000443455,2.10011
17.95,1,0.000688252,2.10017
17.96,1,0.000714636,2.10018
17.97,1,0.000526975,2.10013
17.98,1,0.000129551,2.10003
17.99,1,-0.000473441,2.09988
18,1,-0.000850856,2.09979
18.01,1,-0.00100721,2.09975
18.02,1,-0.000946913,2.09976
18.03,1,-0.000674309,2.09983
18.04,1,-0.00019364,2.09995
18.05,1,0.000490932,2.10012
18.06,1,0.000948295,2.10024
18.07,1,0.00118299,2.10029
18.08,1,0.00119948,2.1003
18.09,1,0.00100213,2.10025
18.1,1,0.0005952,2.10015
18.11,1,-1.71044e-05,2.1
18.12,1,-0.000403644,2.0999
18.13,1,-0.000568937,2.09986
18.14,1,-0.000517409,2.09987
18.15,1,-0.000253397,2.09994
18.16,1,0.00021885,2.10005
18.17,1,0.000468137,2.10012
18.18,1,0.000498923,2.10012
18.19,1,0.000315578,2.10008
18.2,1,-7.76147e-05,2.09998
18.21,1,-0.000249428,2.09994
18.22,1,-0.00020429,2.09995
18.23,1,5.34591e-05,2.10001
18.24,1,9.25372e-05,2.10002
18.25,1,-8.26783e-05,2.09998
18.26,1,-4.08749e-05,2.09999
18.27,1,0.000213601,2.10005
18.28,1,0.000249477,2.10006
18.29,1,7.11245e-05,2.10002
18.3,1,-0.000317171,2.09992
18.31,1,-0.00048419,2.09988
18.32,1,-0.000434358,2.09989
18.33,1,-0.000172012,2.09996
18.34,1,0.000298597,2.10007
18.35,1,0.000546283,2.10014
18.36,1,0.000575505,2.10014
18.37,1,0.000390633,2.1001
18.38,1,-4.05267e-06,2.1
18.39,1,-0.000177324,2.09996
18.4,1,-0.000133632,2.09997
18.41,1,0.000122686,2.10003
18.42,1,0.000160377,2.10004
18.43,1,-1.61836e-05,2.1
18.44,1,2.42908e-05,2.10001
18.45,1,-0.000149583,2.09996
18.46,1,-0.000106437,2.09997
18.47,1,0.000149387,2.10004
18.48,1,0.000186553,2.10005
18.49,1,9.4342e-06,2.1
18.5,1,-0.000377677,2.09991
18.51,1,-0.000543508,2.09987
18.52,1,-0.000492484,2.09988
18.53,1,-0.000228944,2.09994
18.54,1,0.000242864,2.10006
18.55,1,0.000491697,2.10012
18.56,1,0.000522016,2.10013
18.57,1,0.000338191,2.10008
18.58,1,-5.5495e-05,2.09999
18.59,1,-0.000227769,2.09994
18.6,1,-0.000183061,2.09995
18.61,1,7.42911e-05,2.10002
18.62,1,0.000112958,2.10003
18.63,1,-6.26856e-05,2.09998
18.64,1,-2.1278e-05,2.09999
18.65,1,0.000232833,2.10006
18.66,1,0.000268328,2.10007
18.67,1,8.95807e-05,2.10002
18.68,1,-0.000299124,2.09993
18.69,1,-0.000466522,2.09988
18.7,1,-0.00041704,2.0999
18.71,1,-0.000155014,2.09996
18.72,1,0.000315304,2.10008
18.73,1,0.000562683,2.10014
18.74,1,0.000591581,2.10015
18.75,1,0.000406369,2.1001
18.76,1,1.13285e-05,2.1
18.77,1,-0.000589343,2.09985
18.78,1,-0.000964468,2.09976
18.79,1,-0.00111856,2.09972
18.8,1,-0.00105604,2.09974
18.81,1,-0.000781231,2.09981
18.82,1,-0.000298389,2.09993
18.83,1,0.000388327,2.1001
18.84,1,0.000847777,2.10021
18.85,1,0.00108451,2.10027
18.86,1,0.00110297,2.10027
18.87,1,0.000907528,2.10023
18.88,1,0.000502465,2.10012
18.89,1,-0.000108029,2.09997
18.9,1,-0.00049278,2.09988
18.91,1,-0.000656305,2.09984
18.92,1,-0.000603026,2.09985
18.93,1,-0.000337282,2.09992
18.94,1,0.00013668,2.10003
18.95,1,0.000387631,2.1001
18.96,1,0.00042003,2.1001
18.97,1,0.00023825,2.10006
18.98,1,-0.000153428,2.09996
18.99,1,-0.000323739,2.09992
19,1,-0.000277112,2.09993
19.01,1,-1.78857e-05,2.1
19.02,1,0.000449687,2.10011
19.03,1,0.000694377,2.10017
19.04,1,0.000720642,2.10018
19.05,1,0.000532849,2.10013
19.06,1,0.000135281,2.10003
19.07,1,-0.000467868,2.09988
19.08,1,-0.000845422,2.09979
19.09,1,-0.00100189,2.09975
19.1,1,-0.000941703,2.09977
19.11,1,-0.000669185,2.09983
19.12,1,-0.000188586,2.09995
19.13,1,0.000495932,2.10012
19.14,1,0.000953229,2.10024
19.15,1,0.00118785,2.10029
19.16,1,0.00120424,2.1003
19.17,1,0.00100678,2.10025
19.18,1,0.000599732,2.10015
19.19,1,-1.27061e-05,2.1
19.2,1,-0.000399363,2.0999
19.21,1,-0.000564755,2.09986
19.22,1,-0.000513308,2.09987
19.23,1,-0.000249359,2.09994
19.24,1,0.000222843,2.10006
19.25,1,0.00047207,2.10012
19.26,1,0.00050278,2.10012
19.27,1,0.000319345,2.10008
19.28,1,-7.39525e-05,2.09998
19.29,1,-0.000245853,2.09994
19.3,1,-0.000200784,2.09995
19.31,1,5.69152e-05,2.10001
19.32,1,9.59287e-05,2.10002
19.33,1,-7.93693e-05,2.09998
19.34,1,-3.76298e-05,2.09999
19.35,1,0.000216806,2.10005
19.36,1,0.000252621,2.10006
19.37,1,7.41897e-05,2.10002
19.38,1,-0.000314204,2.09992
19.39,1,-0.000481299,2.09988
19.4,1,-0.000431521,2.09989
19.41,1,-0.000169208,2.09996
19.42,1,0.00030139,2.10007
19.43,1,0.000549045,2.10014
19.44,1,0.000578216,2.10014
19.45,1,0.000393272,2.1001
19.46,1,-1.50309e-06,2.1
19.47,1,-0.000174849,2.09996
19.48,1,-0.000131201,2.09997
19.49,1,0.000125101,2.10003
19.5,1,0.000162751,2.10004
19.51,1,-1.38805e-05,2.1
19.52,1,2.65489e-05,2.10001
19.53,1,-0.000147362,2.09996
19.54,1,-0.000104263,2.09997
19.55,1,0.000151507,2.10004
19.56,1,0.000188629,2.10005
19.57,1,1.14759e-05,2.1
19.58,1,-0.000375666,2.09991
19.59,1,-0.000541533,2.09987
19.6,1,-0.00049055,2.09988
19.61,1,-0.000227055,2.09994
19.62,1,0.000244703,2.10006
19.63,1,0.000493493,2.10012
19.64,1,0.000523775,2.10013
19.65,1,0.00033992,2.10008
19.66,1,-5.37909e-05,2.09999
19.67,1,-0.000226095,2.09994
19.68,1,-0.000181421,2.09996
19.69,1,7.58915e-05,2.10002
19.7,1,0.000114526,2.10003
19.71,1,-6.11449e-05,2.09998
19.72,1,-1.97698e-05,2.1
19.73,1,0.000234309,2.10006
19.74,1,0.000269775,2.10007
19.75,1,9.09998e-05,2.10002
19.76,1,-0.000297731,2.09993
19.77,1,-0.000465156,2.09988
19.78,1,-0.000415701,2.0999
19.79,1,-0.000153704,2.09996
19.8,1,0.000316585,2.10008
19.81,1,0.000563937,2.10014
19.82,1,0.00059281,2.10015
19.83,1,0.000407575,2.1001
19.84,1,1.25121e-05,2.1
19.85,1,-0.000588181,2.09985
19.86,1,-0.000963328,2.09976
19.87,1,-0.00111744,2.09972
19.88,1,-0.00105494,2.09974
19.89,1,-0.000780158,2.09981
19.9,1,-0.00029734,2.09993
19.91,1,0.000389353,2.1001
19.92,1,0.000848781,2.10021
19.93,1,0.00108549,2.10027
19.94,1,0.00110393,2.10027
19.95,1,0.000908473,2.10023
19.96,1,0.000503392,2.10012
19.97,1,-0.000107118,2.09997
19.98,1,-0.000491886,2.09988
19.99,1,-0.000655428,2.09984
